id,title,author,rating,tags,platform
0,诡秘之主,爱潜水的乌贼,4.4,科幻、克苏鲁、蒸汽朋克,起点读书
1,宰执天下,cuslaa,4.0,历史、穿越、权谋,起点读书
2,重生之出人头地,闹闹不爱闹,4.3,悬疑、重生、商战,Kindle 商店
3,惊悚乐园,三天两觉,4.1,悬疑、无限流、推理,起点读书
4,奥术神座,爱潜水的乌贼,4.2,悬疑、西幻、魔法,QQ 阅读
5,赘婿,愤怒的香蕉,3.4,历史、穿越、宅斗,Kindle 商店
6,一世之尊,爱潜水的乌贼,4.0,都市、玄幻、武侠,微信读书
7,凡人修仙传,忘语,4.0,玄幻、仙侠、修仙,番茄小说
8,放开那个女巫,二目,3.6,玄幻、西幻、女巫,Kindle 商店
9,晚明,柯山梦,4.4,都市、历史、穿越,微信读书
10,隐杀,愤怒的香蕉,4.1,历史、重生、异能,微信读书
11,地煞七十二变,祭酒,4.1,玄幻、神话、仙侠,起点读书
12,无限恐怖,zhttty,4.2,悬疑、无限流、科幻,番茄小说
13,永不解密,风卷红旗,4.3,科幻、军事、谍战,起点读书
14,琥珀之剑,绯炎,3.8,武侠、奇幻、冒险,QQ 阅读
15,大道争锋,误道者,3.5,都市、玄幻、修仙,微信读书
16,极道天魔,滚开,3.5,武侠、玄幻、黑暗流,QQ 阅读
17,超神机械师,齐佩甲,3.5,科幻、游戏、穿越,微信读书
18,娱乐春秋,姬叉,4.0,武侠、玄幻、后宫,Kindle 商店
19,幻想世界大穿越,辰一十一,3.4,悬疑、穿越、无限流,Kindle 商店
20,我的女友是恶女,海底漫步者,3.4,科幻、都市、恋爱,番茄小说
21,灭运图录,爱潜水的乌贼,4.0,武侠、玄幻、修仙,微信读书
22,穿进赛博游戏后干掉BOSS成功上位,桉柏,4.2,玄幻、赛博朋克、游戏,微信读书
23,重生之官路商途,更俗,4.2,科幻、重生、官场,Kindle 商店
24,文艺时代,睡觉会变白,3.8,科幻、都市、文艺,微信读书
25,大王饶命,会说话的肘子,2.2,武侠、都市、系统,起点读书
26,从姑获鸟开始,活儿该,3.6,玄幻、灵异、悬疑,起点读书
27,回到过去变成猫,陈词懒调,4.3,都市、奇幻、温馨,微信读书
28,亵渎,烟雨江南,3.9,都市、奇幻、西方奇幻,Kindle 商店
29,民国之文豪崛起,王梓钧,3.1,都市、历史、文学,番茄小说
30,问镜,减肥专家,3.5,玄幻、仙侠、修真,番茄小说
31,全职高手,蝴蝶蓝,4.1,都市、游戏、竞技,番茄小说
32,间客,猫腻,3.1,历史、科幻、机甲,起点读书
33,道诡异仙,狐尾的笔,3.5,悬疑、克苏鲁、玄幻,番茄小说
34,庆余年,猫腻,2.9,都市、穿越、权谋,起点读书
35,芝加哥1990,齐可休,2.8,悬疑、重生、异国背景,番茄小说
36,异常生物见闻录,远瞳,3.9,玄幻、奇幻、搞笑,微信读书
37,许仙志,说梦者,3.9,玄幻、神话、仙侠,QQ 阅读
38,极品家丁,禹岩,4.0,玄幻、穿越、后宫,番茄小说
39,覆汉,榴弹怕水,3.7,悬疑、历史、穿越,微信读书
40,将夜,猫腻,2.8,都市、玄幻、武侠,番茄小说
41,上品寒士,贼道三痴,4.3,玄幻、历史、言情,QQ 阅读
42,秦吏,七月新番,3.7,历史、穿越、秦朝,QQ 阅读
43,诛仙,萧鼎,4.2,玄幻、仙侠、爱情,番茄小说
44,蛊真人,蛊真人,3.2,都市、玄幻、黑暗流,微信读书
45,斗破苍穹,天蚕土豆,3.4,玄幻、异界、升级流,Kindle 商店
46,武道宗师,爱潜水的乌贼,3.0,都市、武侠、竞技,起点读书
47,回到明朝当王爷,月关,3.9,都市、穿越、明朝,Kindle 商店
48,亏成首富从游戏开始,青衫取醉,3.8,玄幻、都市、商业,QQ 阅读
49,无穷重阻,核动力战列舰,3.5,玄幻、科幻、脑洞,QQ 阅读
50,临高启明,吹牛者,3.0,科幻、历史、穿越,Kindle 商店
51,阴魂,野原乳之熊,3.9,历史、灵异、悬疑,微信读书
52,我有一座冒险屋,我会修空调,3.1,武侠、灵异...,QQ 阅读
53,重生之神级学霸,志鸟村,3.6,玄幻、重生、校园,Kindle 商店
54,龙蛇演义,梦入神机,4.3,武侠、国术、现代,微信读书
55,三国之最风流,赵子曰,3.8,科幻、历史、三国,Kindle 商店
56,巫师世界,滚开,3.8,悬疑、玄幻、巫师流,QQ 阅读
57,绑架全人类,小雨清晨,3.8,玄幻、科幻、末日,微信读书
58,罪恶之城,烟雨江南,3.8,历史、奇幻、黑暗流,起点读书
59,狩魔手记,烟雨江南,4.0,玄幻、废土、科幻,Kindle 商店
60,谍影风云,寻青藤,3.9,都市、谍战、历史,Kindle 商店
61,制霸好莱坞,御井烹香,4.1,都市、异国背景、娱乐圈,Kindle 商店
62,悟空传,今何在,4.2,都市、神话、改编,微信读书
63,修真门派掌门路,齐可休,3.4,玄幻、仙侠、掌门流,QQ 阅读
64,学霸的黑科技系统,晨星LL,3.5,科幻、系统、校园,Kindle 商店
65,黎明之剑,远瞳,3.4,科幻、奇幻、异世界,Kindle 商店
66,雪中悍刀行,烽火戏诸侯,2.9,都市、武侠、江湖,微信读书
67,井口战役,核动力战列舰,3.8,历史、科幻、战争,QQ 阅读
68,大医凌然,志鸟村,3.1,悬疑、都市、医疗,起点读书
69,幽冥仙途,减肥专家,3.9,科幻、仙侠、玄幻,起点读书
70,我的模拟长生路,愤怒的乌贼,3.4,武侠、玄幻、模拟经营,QQ 阅读
71,问道红尘,姬叉,3.7,科幻、玄幻、言情,起点读书
72,崩坏世界的传奇大冒险,国王陛下,3.8,都市、穿越、搞笑,番茄小说
73,重生野性时代,王梓钧,3.5,玄幻、重生、都市,Kindle 商店
74,我的一天有48小时,小呆昭,3.5,科幻、都市、异能,微信读书
75,我只想安静的做个苟道中人,爆炸小拿铁,3.0,玄幻、仙侠、苟道,QQ 阅读
76,我被系统托管了,木恒,3.2,武侠、都市、系统,QQ 阅读
77,逆流纯真年代,人间武库,2.9,都市、重生、年代文,番茄小说
78,修真聊天群（聊天群的日常生活）,圣骑士的传说,3.2,都市、玄幻、搞笑,番茄小说
79,1855美国大亨,奶瓶战斗机,4.0,武侠、异国背景、穿越,微信读书
80,神秘复苏,佛前献花,3.3,都市、灵异、悬疑,QQ 阅读
81,星辰之主,减肥专家,3.3,悬疑、玄幻、星辰,微信读书
82,大圣传,说梦者,3.5,历史、玄幻、神话,QQ 阅读
83,十国千娇,西风紧,3.9,历史、穿越、言情,Kindle 商店
84,卡徒,方想,4.0,武侠、科幻、卡片,QQ 阅读
85,重生之心动,初恋璀璨如夏花,4.0,科幻、重生、校园,番茄小说
86,绍宋,榴弹怕水,3.5,武侠、历史、穿越,QQ 阅读
87,择天记,猫腻,1.8,都市、玄幻、修仙,Kindle 商店
88,遮天,辰东,3.6,武侠、玄幻、仙侠,QQ 阅读
89,顾道长生,睡觉会变白,2.8,武侠、都市、玄幻,起点读书
90,海贼法典,惟求得中,3.9,科幻、海贼、冒险,番茄小说
91,战略级天使,白伯欢,4.0,玄幻、科幻、异能,Kindle 商店
92,人道天堂,荆柯守,4.0,科幻、穿越、异世界,起点读书
93,杨戬——人生长恨水长东,水明石,4.3,武侠、神话、改编,QQ 阅读
94,春秋我为王,七月新番,3.3,历史、穿越、春秋,起点读书
95,无限道武者路,饥饿2006,3.6,武侠、玄幻、无限流,微信读书
96,难道我是神,熊狼狗,3.5,都市、玄幻、搞笑,微信读书
97,大魏芳华,西风紧,3.9,悬疑、历史、言情,微信读书
98,从红月开始,黑山老鬼,3.5,武侠、灵异、悬疑,QQ 阅读
99,剑来,烽火戏诸侯,2.5,玄幻、武侠、江湖,QQ 阅读
100,无尽武装,缘分0,3.5,玄幻、无限流、科幻,起点读书
101,仙逆,耳根,3.5,都市、玄幻、修仙,微信读书
102,都市妖奇谈,可蕊,4.5,都市、奇幻、妖怪,微信读书
103,花与剑与法兰西,匂宮出夢,3.6,科幻、异国背景、穿越,QQ 阅读
104,我的老婆是公主,初恋璀璨如夏花,3.9,历史、穿越、言情,微信读书
105,奋斗在新明朝,随轻风去,3.8,武侠、历史、穿越,微信读书
106,限制级末日症候,全部成为F,3.9,玄幻、科幻、末日,Kindle 商店
107,史上第一混乱,张小花,4.2,科幻、穿越、搞笑,Kindle 商店
108,原始战记,陈词懒调,3.8,都市、玄幻、原始社会,番茄小说
109,历史粉碎机,木允锋,3.6,历史、穿越、架空,起点读书
110,铁血残明,柯山梦,3.9,玄幻、历史、战争,微信读书
111,紫川,老猪,4.0,悬疑、玄幻、战争,起点读书
112,神秘之旅,滚开,3.5,武侠、玄幻、暗黑,起点读书
113,主神崛起,文抄公,3.3,历史、玄幻、无限流,起点读书
114,我要做皇帝,要离刺荆轲,3.4,科幻、穿越、宫廷,QQ 阅读
115,小世界其乐无穷,听日,3.0,玄幻、系统、异世界,QQ 阅读
116,贩罪,三天两觉,4.2,科幻、悬疑、犯罪,QQ 阅读
117,从零开始,雷云风暴,4.0,悬疑、网游、玄幻,番茄小说
118,永恒剑主,滚开,3.3,悬疑、玄幻、武侠,起点读书
119,大奉打更人,卖报小郎君,2.5,都市、玄幻、探案,起点读书
120,反正我是超能力者,吃书妖,3.7,玄幻、都市、异能,微信读书
121,大明春色,西风紧,3.6,历史、穿越、言情,微信读书
122,佛本是道,梦入神机,4.2,都市、神话、仙侠,微信读书
123,食物链顶端的男人,熊狼狗,3.8,悬疑、玄幻、搞笑,番茄小说
124,明日之劫,熊狼狗,3.5,悬疑、玄幻、末日,Kindle 商店
125,重生之大涅磐,奥尔良烤鲟鱼堡,3.6,历史、重生、校园,微信读书
126,修真世界,方想,3.7,科幻、玄幻、修真,微信读书
127,深渊主宰,诸生浮屠,3.5,科幻、玄幻、深渊,Kindle 商店
128,俗人回档,庚不让,2.7,科幻、重生、都市,起点读书
129,长夜余火,爱潜水的乌贼,3.2,科幻、克苏鲁、废土,番茄小说
130,奋斗在苏俄,懵懂的猪,4.0,悬疑、异国背景、穿越,Kindle 商店
131,武侠世界大冒险,五方行尽,3.3,武侠、玄幻、冒险,起点读书
132,位面小蝴蝶,核动力战列舰,3.6,科幻、穿越、脑洞,微信读书
133,末日乐园,须尾俱全,3.5,武侠、无限流、末日,起点读书
134,魔法学徒,蓝晶.QD,4.1,武侠、奇幻、魔法,起点读书
135,希灵帝国,远瞳,3.4,悬疑、科幻、奇幻,Kindle 商店
136,烂柯棋缘,真费事,3.3,悬疑、玄幻、仙侠,QQ 阅读
137,宿命之环,爱潜水的乌贼,2.9,武侠、玄幻、克苏鲁,QQ 阅读
138,死人经,冰临神下,3.8,玄幻、武侠、暗黑,起点读书
139,枭臣,更俗,3.7,都市、历史、官场,QQ 阅读
140,武林半侠传,文抄公,3.2,历史、武侠、架空,Kindle 商店
141,仙葫,流浪的蛤蟆,3.7,悬疑、仙侠、修真,番茄小说
142,大唐西域直播记,塞壬的港湾,4.2,都市、历史、穿越,QQ 阅读
143,神秘之劫,文抄公,3.2,都市、玄幻、灵异,番茄小说
144,战国野心家,最后一个名,3.5,玄幻、历史、战争,QQ 阅读
145,历史的尘埃,知秋,4.2,历史、奇幻、战争,微信读书
146,十方武圣,滚开,3.2,历史、武侠、玄幻,Kindle 商店
147,官仙,陈风笑,3.5,历史、玄幻、官场,Kindle 商店
148,这游戏也太真实了,晨星LL,3.1,武侠、都市、游戏,微信读书
149,冒牌大英雄,七十二编,4.0,科幻、星际、搞笑,番茄小说
150,仙路烟尘,管平潮,4.0,都市、仙侠、言情,Kindle 商店
151,三体,刘慈欣,4.6,悬疑、科幻、硬科幻,QQ 阅读
152,最终进化,卷土,3.7,都市、无限流、科幻,起点读书
153,我真是大明星,尝谕,2.8,玄幻、都市、娱乐,起点读书
154,走进修仙,吾道长不孤,3.0,玄幻、仙侠、科普,Kindle 商店
155,从前有座灵剑山,国王陛下,3.3,科幻、玄幻、搞笑,Kindle 商店
156,偷香高手,六如和尚,3.3,悬疑、武侠、穿越,起点读书
157,我，永不更新,zhttty,4.7,科幻、脑洞、哲理,微信读书
158,霜寒之翼,咸鱼公爵,3.1,悬疑、玄幻、冒险,番茄小说
159,新中国首位飞升者,芙蓉姐姐,4.2,玄幻、仙侠、现代,微信读书
160,流浪仙人,癸变泉,3.5,悬疑、玄幻、仙侠,起点读书
161,王牌进化,卷土,4.0,科幻、无限流、游戏,微信读书
162,兽血沸腾,静官,3.8,都市、西幻、穿越,起点读书
163,九万年义务教育,小雨清晨,3.9,悬疑、科幻、末日,Kindle 商店
164,巫师之旅,一行白鹭上青天,3.2,玄幻、玄幻、巫师,番茄小说
165,师士传说,方想,4.1,历史、科幻、机甲,起点读书
166,归向,核动力战列舰,3.3,都市、科幻、战争,番茄小说
167,梦幻香江,王梓钧,3.6,悬疑、重生、娱乐圈,番茄小说
168,永夜君王,烟雨江南,3.0,武侠、奇幻、黑暗流,Kindle 商店
169,唐砖,孑与2,2.5,玄幻、历史、穿越,Kindle 商店
170,恶魔法则,跳舞,3.5,悬疑、穿越、西幻,QQ 阅读
171,圣徒,奥丁般虚伪,4.2,玄幻、西幻、宗教,Kindle 商店
172,吞噬星空,我吃西红柿,3.6,都市、科幻、升级流,番茄小说
173,帝国的晨辉,硕鼠,3.8,历史、穿越、帝国,番茄小说
174,巫界术士,文抄公,3.4,都市、玄幻、巫术,起点读书
175,孺子帝,冰临神下,3.4,科幻、穿越、宫廷,起点读书
176,寂静杀戮,熊狼狗,3.6,武侠、玄幻、悬疑,微信读书
177,主神调查员,小仲牛,3.0,玄幻、无限流、科幻,微信读书
178,打开你的任务日志,幽夜荆棘,3.5,悬疑、系统、玄幻,起点读书
179,革宋,绯红之月,3.2,都市、穿越、历史,微信读书
180,易鼎,荆柯守,3.7,历史、穿越、玄幻,Kindle 商店
181,万界圆梦师,棉衣卫,3.4,悬疑、穿越、无限流,番茄小说
182,从零开始竞选总统,给您添蘑菇啦,4.2,悬疑、穿越、异国背景,起点读书
183,神墓,辰东,3.6,都市、玄幻、仙侠,微信读书
184,全音阶狂潮,灵宇,2.9,玄幻、音乐、异能,番茄小说
185,重塑千禧年代,渔雪,3.6,悬疑、重生、年代文,Kindle 商店
186,马恩的日常,F君,3.6,武侠、玄幻、日常,QQ 阅读
187,官居一品,三戒大师,3.5,都市、历史、官场,微信读书
188,尘缘,烟雨江南,3.5,科幻、玄幻、仙侠,起点读书
189,风姿物语,罗森,4.0,玄幻、奇幻、后宫,微信读书
190,玄浑道章,误道者,3.2,武侠、玄幻、修仙,起点读书
191,重活了,尝谕,3.8,武侠、重生、都市,番茄小说
192,1852铁血中华,绯红之月,3.5,武侠、穿越、历史,番茄小说
193,魔魂启临,先飞看刀,3.7,科幻、玄幻、冒险,QQ 阅读
194,黎明医生,机器人瓦力,3.2,悬疑、都市、医疗,Kindle 商店
195,我真的长生不老,初恋璀璨如夏花,2.9,科幻、都市、异能,起点读书
196,绝对一番,海底漫步者,3.1,悬疑、重生、娱乐圈,QQ 阅读
197,我师兄实在太稳健了,言归正传,3.0,都市、玄幻、搞笑,Kindle 商店
198,雅骚,贼道三痴,4.0,都市、历史、言情,番茄小说
199,十州风云志,知秋,4.2,玄幻、仙侠、战争,Kindle 商店
200,青叶事务所,库奇奇,3.8,历史、灵异、悬疑,Kindle 商店
201,阳神,梦入神机,3.7,武侠、玄幻、修仙,番茄小说
202,星球博物馆,小雨清晨,2.0,历史、科幻、末日,QQ 阅读
203,美利坚1982,一勺往事,3.6,玄幻、穿越、异国背景,番茄小说
204,邪气凛然,跳舞,4.0,武侠、都市、异能,QQ 阅读
205,深夜书屋,纯洁滴小龙,2.8,历史、灵异、悬疑,番茄小说
206,文学入侵,鹿门客,4.1,科幻、都市、奇幻,起点读书
207,随波逐流之一代军师,随波逐流,4.0,武侠、历史、权谋,起点读书
208,全球进化,咬狗,3.8,都市、科幻、末世,微信读书
209,玩家凶猛,黑灯夏火,3.1,玄幻、无限流、游戏,Kindle 商店
210,最佳导演,机器人瓦力,3.4,玄幻、都市、娱乐,番茄小说
211,寻找走丢的舰娘,海底熔岩,4.0,都市、科幻、舰娘,Kindle 商店
212,重生寡头1991,懵懂的猪,4.0,玄幻、穿越、异国背景,Kindle 商店
213,高手寂寞,兰帝魅晨,3.4,都市、武侠、网游,QQ 阅读
214,汉祚高门,衣冠正伦,2.7,玄幻、历史、权谋,QQ 阅读
215,修真四万年（《星域四万年》）,卧牛真人,3.0,武侠、科幻、修仙,起点读书
216,最后的地球战神,荆柯守,4.0,都市、科幻、战争,QQ 阅读
217,冰之无限,观沧海,3.9,武侠、无限流、玄幻,QQ 阅读
218,官道之色戒,低手寂寞,4.0,武侠、历史、官场,微信读书
219,狼群,刺血,4.5,历史、军事、热血,Kindle 商店
220,从1983开始,睡觉会变白,3.5,都市、重生、年代文,Kindle 商店
221,肆虐韩娱,姬叉,3.8,玄幻、异国背景、娱乐圈,QQ 阅读
222,锦衣夜行,月关,3.5,科幻、历史、穿越,起点读书
223,同时穿越了99个世界,凤嘲凰,3.2,玄幻、穿越、无限流,Kindle 商店
224,逍遥梦路,文抄公,3.0,历史、玄幻、修仙,Kindle 商店
225,重生之贼行天下,发飙的蜗牛,3.9,都市、网游、重生,番茄小说
226,新宋,阿越,3.7,历史、穿越、宋朝,起点读书
227,苟在妖武乱世修仙,文抄公,2.9,玄幻、穿越、乱世,QQ 阅读
228,召唤梦魇,滚开,3.0,武侠、玄幻、暗黑,微信读书
229,鬼吹灯（盗墓者的经历）,本物天下霸唱,4.7,都市、盗墓、悬疑,微信读书
230,超级能源强国,志鸟村,3.8,玄幻、都市、科技,起点读书
231,变成血族是什么体验,神行汉堡,3.3,玄幻、都市、奇幻,Kindle 商店
232,永生,梦入神机,3.1,悬疑、玄幻、修仙,番茄小说
233,太浩,无极书虫,3.5,都市、玄幻、修仙,微信读书
234,搜神记,树下野狐,4.0,科幻、神话、仙侠,微信读书
235,疯巫妖的实验日志,愤怒的松鼠,3.5,武侠、西幻、搞笑,微信读书
236,灵吸怪备忘录·叁,魔力的真髓,4.4,都市、奇幻、备忘录,起点读书
237,剑徒之路,惰堕,2.6,都市、玄幻、升级流,起点读书
238,神游,徐公子胜治,4.0,历史、仙侠、哲学,QQ 阅读
239,重生之钢铁大亨,更俗,3.7,都市、重生、商战,番茄小说
240,农家子的古代科举生活,曲流水,3.9,"都市, 历史、穿越、科举",Kindle 商店
241,斗罗大陆,唐家三少,3.0,科幻、玄幻、异界,微信读书
242,全球高武,老鹰吃小鸡,2.5,都市、玄幻、升级流,起点读书
243,蜀山,流浪的蛤蟆,4.2,玄幻、仙侠、修真,Kindle 商店
244,独游,酒精过敏,4.4,都市、奇幻、孤独,QQ 阅读
245,盘龙,我吃西红柿,3.6,武侠、玄幻、异界,起点读书
246,我才不会被女孩子欺负呢,废铁行者,3.5,历史、都市、校园,番茄小说
247,清客,贼道三痴,4.5,科幻、历史、言情,番茄小说
248,大冒险,楚白,3.8,悬疑、玄幻、冒险,Kindle 商店
249,这个明星来自地球,关乌鸦,2.9,武侠、穿越、娱乐,Kindle 商店
250,盗天仙途,荆柯守,3.0,悬疑、玄幻、修仙,起点读书
251,红楼名侦探,嗷世巅锋,3.4,悬疑、红楼、推理,Kindle 商店
252,武侠时代的皇帝修炼日记,人瘦凋猪颜,3.4,武侠、玄幻、宫廷,QQ 阅读
253,蚁贼,赵子曰,4.0,历史、穿越、战争,Kindle 商店
254,苟在神诡世界,人勿玩人,2.9,科幻、克苏鲁、玄幻,QQ 阅读
255,知北游,洛水,3.8,历史、玄幻、哲学,Kindle 商店
256,诡秘地海,狐尾的笔,3.5,都市、克苏鲁、悬疑,QQ 阅读
257,我真没想重生啊,柳岸花又明,2.7,武侠、重生、都市,微信读书
258,牧神记,宅猪,3.0,历史、玄幻、神话,Kindle 商店
259,美食供应商,会做菜的猫,2.6,玄幻、都市、美食,起点读书
260,道门法则,八宝饭,3.0,武侠、玄幻、道门,番茄小说
261,众星之主,一伤二十八,3.1,科幻、玄幻、星际,Kindle 商店
262,玄鉴仙族,季越人,3.3,悬疑、玄幻、仙侠,Kindle 商店
263,黑山老妖,梦入神机,4.2,玄幻、仙侠、暗黑,Kindle 商店
264,好莱坞之王,威武武威,3.5,历史、异国背景、娱乐圈,微信读书
265,进化的四十六亿重奏,相位行者,3.9,悬疑、科幻、脑洞,起点读书
266,佣兵天下,说不得大师,4.0,武侠、奇幻、战争,QQ 阅读
267,晚唐浮生,孤独麦客,2.8,武侠、历史、穿越,起点读书
268,从神探李元芳开始,兴霸天,3.4,都市、历史、探案,起点读书
269,民国投机者,有时糊涂,2.4,都市、穿越、商战,QQ 阅读
270,[综]这穿越的画风不对啊,愚蠢人类,3.8,玄幻、综漫、穿越,Kindle 商店
271,逃亡犯报告,小雨清晨,3.9,历史、科幻、悬疑,QQ 阅读
272,某霍格沃茨的魔文教授,韩游思,3.6,武侠、奇幻、魔法,Kindle 商店
273,我的老婆是军阀,录事参军,3.0,武侠、穿越、言情,微信读书
274,最长的一梦,小鱼联盟,4.0,玄幻、都市、奇幻,起点读书
275,长生志异,真愚老人,3.0,都市、灵异、仙侠,番茄小说
276,儒道至圣,永恒之火,2.5,历史、玄幻、儒道,番茄小说
277,神国之上,见异思剑,3.3,玄幻、奇幻、神国,Kindle 商店
278,天可汗,西风紧,3.7,科幻、历史、穿越,QQ 阅读
279,黜龙,榴弹怕水,2.8,玄幻、历史、权谋,Kindle 商店
280,道君,跃千愁,1.9,玄幻、仙侠、修真,Kindle 商店
281,窃明,大爆炸,3.6,都市、历史、战争,起点读书
282,大道朝天,猫腻,1.6,玄幻、仙侠、修仙,微信读书
283,诸天尽头,凤嘲凰,3.1,历史、穿越、无限流,微信读书
284,老子是癞蛤蟆,烽火戏诸侯,3.6,科幻、都市、现实,Kindle 商店
285,我的二战不可能这么萌,月面,3.6,悬疑、穿越、二战,QQ 阅读
286,太受欢迎了怎么办,给您添蘑菇啦,3.5,历史、都市、搞笑,起点读书
287,余罪,常书欣,4.3,悬疑、都市、刑侦,番茄小说
288,功德簿,与沫,3.6,都市、玄幻、因果,微信读书
289,冠军教父,林海听涛,4.2,武侠、体育、竞技,起点读书
290,韩娱之光影交错,姬叉,3.8,都市、异国背景、娱乐圈,Kindle 商店
291,陈二狗的妖孽人生,烽火戏诸侯,3.5,悬疑、都市、现实,番茄小说
292,草清,草上匪,3.5,科幻、历史、穿越,起点读书
293,重生日本当厨神,千回转,3.5,科幻、异国背景、美食,QQ 阅读
294,青帝,荆柯守,3.2,历史、玄幻、修仙,起点读书
295,网游之近战法师,蝴蝶蓝,3.9,历史、网游、武侠,QQ 阅读
296,完美人生,刀一耕,2.7,悬疑、重生、都市,Kindle 商店
297,三国演义,罗贯中,4.8,科幻、历史、战争,微信读书
298,问题妹妹恋上我,负是非,3.9,玄幻、都市、恋爱,番茄小说
299,紫阳,风御九秋,1.4,悬疑、仙侠、修真,QQ 阅读
300,轮回乐园,那一只蚊子,2.5,玄幻、无限流、穿越,番茄小说
301,重生之我要冲浪,睡觉会变白,3.0,历史、仙侠、冒险,番茄小说
302,步步生莲,月关,3.6,玄幻、宇宙探索、星际战争,起点读书
303,赤心巡天,情何以甚,2.3,玄幻、唐朝、宫廷斗争,QQ 阅读
304,法师伊凡,kl3300,3.5,历史、异能、犯罪调查,Kindle 商店
305,我的女友是恶劣大小姐,掠过的乌鸦,2.6,历史、魔法、学院生活,微信读书
306,我的1979,争斤论两花花帽,2.0,武侠、重生、商业帝国,Kindle 商店
307,盗墓笔记,南派三叔,4.0,历史、仙侠、剑修,起点读书
308,征服异界从游戏开始,爱吃辣鸡粉,3.4,都市、冒险、神秘宝藏,QQ 阅读
309,我的属性修行人生,滚开,2.4,武侠、异世界、穿越,QQ 阅读
310,无尽破碎,隐仙者,3.4,都市、明朝、民间故事,番茄小说
311,当外神降临异界之时,水银术士,4.8,悬疑、灵异、校园,Kindle 商店
312,未来天王,陈词懒调,3.0,科幻、海盗、星际冒险,Kindle 商店
313,盗梦宗师,国王陛下,3.5,历史、江湖、比武,Kindle 商店
314,戈地图在1985,愉快的作者,4.4,都市、魔法少女、奇幻冒险,Kindle 商店
315,我大明武德充沛但选择文化胜利,江南说书人,3.6,历史、重生、官场,番茄小说
316,最初的寻道者,橘子伯爵,3.3,武侠、仙侠、修炼,微信读书
317,神话版三国,坟土荒草,2.8,玄幻、灵异、都市传说,番茄小说
318,新顺1730,望舒慕羲和,3.5,玄幻、异世界、冒险,Kindle 商店
319,我在东瀛画埃罗芒阿本子,柳水心,3.4,悬疑、清朝、宫廷秘闻,起点读书
320,诡异修仙世界,龙蛇枝,2.8,玄幻、游戏、竞技,Kindle 商店
321,最佳影星,白色十三号,3.4,科幻、龙、战神,Kindle 商店
322,术师手册,听日,2.6,悬疑、民国、侦探推理,番茄小说
323,灯塔,懵懂的猪,4.0,都市、魔法森林、守护,微信读书
324,暴风城打工实录,又一个鱼雷,3.8,历史、重生、娱乐圈,微信读书
325,陌上行,习惯呕吐,4.0,悬疑、仙侠、爱情,QQ 阅读
326,宠魅,乱,3.8,科幻、冒险、宝藏,微信读书
327,网游之代练传说,大烟缸,3.4,玄幻、异世界、魔法,QQ 阅读
328,大明官,随轻风去,3.6,武侠、汉朝、战争,QQ 阅读
329,黑暗血时代,天下飘火,3.0,科幻、异能、都市,番茄小说
330,汉乡,孑与2,1.5,武侠、精灵、奇幻,起点读书
331,金鳞开,美味罗宋汤,3.5,科幻、重生、豪门,微信读书
332,蜀山剑侠传,还珠楼主V,4.8,都市、仙侠、剑道,Kindle 商店
333,修仙就是这样子的,凤嘲凰,2.6,玄幻、校园、青春,起点读书
334,我可不是侦探,海底漫步者,3.2,科幻、星际、战争,番茄小说
335,纸上人,脂肪颗粒,3.8,悬疑、江湖、恩怨情仇,番茄小说
336,从酋长到球长,茅屋秋雨,3.2,历史、魔法世界、冒险,起点读书
337,大时代1958,青山铁杉,3.8,都市、重生、商业,起点读书
338,我在修仙界长生不死,贰更2,2.9,玄幻、仙侠、灵界,Kindle 商店
339,风起紫罗峡,荆柯守,4.1,历史、灵异、都市,QQ 阅读
340,刺激1995,愚乐,3.2,武侠、异世界、召唤,起点读书
341,五百个郭靖,我渴望力量,3.4,悬疑、宋朝、文化,起点读书
342,信息全知者,魔性沧月,3.3,科幻、游戏、争霸,起点读书
343,狩魂者之鬼喊抓鬼,三天两觉,4.0,玄幻、混沌、天尊,起点读书
344,召唤圣剑,西贝猫,3.5,科幻、民国、战争,起点读书
345,人在诸天，浪迹天涯,青楼书生,3.4,都市、魔法花园、秘密,QQ 阅读
346,夜的命名术,会说话的肘子,1.6,科幻、重生、科技,QQ 阅读
347,灵山,徐公子胜治,4.0,武侠、仙侠、太古,起点读书
348,幽暗主宰,西贝猫,3.5,科幻、灵异、校园,番茄小说
349,飘邈之旅,萧潜,4.1,历史、星际、探险,QQ 阅读
350,剑道真解,滚开,3.4,武侠、江湖、侠义,QQ 阅读
351,医师,草席,3.7,都市、医疗、剧情、生活,微信读书
352,邪神旌旗,楚白,3.0,都市、奇幻、悬疑、克苏鲁,QQ 阅读
353,电影教师,青城无忌,3.2,都市、教育、影视、励志,Kindle 商店
354,拔魔,冰临神下,3.5,历史、武侠、仙侠、修真,起点读书
355,大清之祸害,木允锋,3.9,悬疑、历史、穿越、权谋,微信读书
356,大明文魁,幸福来敲门,3.1,玄幻、历史、科举、权谋,番茄小说
357,攻略不下来的男人[快穿],袖侧,4.0,都市、快穿、言情、系统,Kindle 商店
358,大画家,醛石,3.2,科幻、艺术、都市、奇幻,Kindle 商店
359,我的姐姐是大明星,卖报小郎君,1.9,武侠、娱乐、都市、亲情,起点读书
360,神秀之主,文抄公,3.2,武侠、玄幻、修真、权谋,QQ 阅读
361,仙路争锋,缘分0,2.8,玄幻、仙侠、修真、争霸,QQ 阅读
362,明尊,辰一十一,3.1,历史、穿越、历史、宗教,起点读书
363,重生之大企业家,我杀破狼,3.3,科幻、重生、商战、都市,起点读书
364,死亡名单,饕餮居士,3.4,历史、悬疑、犯罪、推理,QQ 阅读
365,昆仑,凤歌,3.0,悬疑、武侠、历史、奇幻,起点读书
366,燃钢之魂,阴天神隐,3.0,玄幻、奇幻、机甲、战斗,微信读书
367,黑龙法典,欢声,3.2,悬疑、奇幻、龙族、魔法,番茄小说
368,生活系游戏,吨吨吨吨吨,2.1,都市、美食、生活、治愈,番茄小说
369,开局账号被盗，反手充值一百万,酒剑仙人,3.5,玄幻、游戏、穿越、爽文,QQ 阅读
370,重生在跑道上,飞天酥鱼,4.0,武侠、体育、重生、励志,番茄小说
371,重生之先声夺人,吹个大气球9,2.0,都市、重生、娱乐、逆袭,QQ 阅读
372,奋斗在红楼,九悟,2.8,武侠、红楼、穿越、宅斗,番茄小说
373,王国血脉,无主之剑,2.4,科幻、奇幻、王国、战争,微信读书
374,降魔专家,吃书妖,4.0,武侠、灵异、降魔、战斗,起点读书
375,纯阳,荆柯守,3.6,科幻、仙侠、修真、历史,起点读书
376,文化入侵异世界,姐姐的新娘,3.0,科幻、文化、穿越、异世界,微信读书
377,完美世界,辰东,3.0,玄幻、仙侠、修真、热血,番茄小说
378,神级英雄,大烟缸,3.0,玄幻、游戏、英雄、冒险,QQ 阅读
379,特拉福买家俱乐部,夕山白石,2.9,科幻、奇幻、经营、悬疑,微信读书
380,心魔,沁纸花青,3.0,都市、心理、悬疑、现实,Kindle 商店
381,大明春,戴小楼,3.5,悬疑、历史、穿越、权谋,微信读书
382,超级浮空城,诸生浮屠,2.9,悬疑、奇幻、浮空城、冒险,QQ 阅读
383,重生之平行线,地黄丸,3.3,武侠、重生、都市、异能,微信读书
384,飞升之后,皇甫奇,3.8,科幻、玄幻、飞升、战争,起点读书
385,好莱坞的秘密花园,三千烦恼丝,3.9,玄幻、娱乐、好莱坞、奇幻,微信读书
386,事象的宏图,ddt药剂,3.8,历史、历史、权谋、战争,Kindle 商店
387,纣临,三天两觉,3.4,悬疑、灵异、悬疑、推理,微信读书
388,超维术士,牧狐,2.5,玄幻、奇幻、魔法、冒险,微信读书
389,地下城玩家,蓝白的天,3.1,都市、游戏、地下城、冒险,番茄小说
390,清穿日常,多木木多,3.8,科幻、穿越、清宫、日常,QQ 阅读
391,恶人大明星,丹尼尔秦,3.1,武侠、娱乐、都市、反派,番茄小说
392,穿越1630之崛起南美,孤独麦客,2.4,都市、穿越、历史、殖民,QQ 阅读
393,大唐之我是独孤凤,隐仙者,3.9,科幻、穿越、唐朝、宫廷,微信读书
394,昆古尼尔,樟脑球,4.1,历史、奇幻、历史、神话,QQ 阅读
395,无限辉煌图卷,温茶米酒,3.1,都市、无限流、冒险、奇幻,QQ 阅读
396,大龙挂了,白雨涵,2.6,都市、奇幻、冒险、龙类,QQ 阅读
397,天国游戏,白贪狼,3.4,悬疑、游戏、悬疑、冒险,QQ 阅读
398,大人，得加钱,傲骨铁心,3.4,都市、历史、穿越、权谋,起点读书
399,梦回大明春,王梓钧,3.3,武侠、穿越、明朝、生活,QQ 阅读
400,星辰变,我吃西红柿,3.6,悬疑、仙侠、修真、热血,番茄小说
401,塞壬之刃,吃书妖,3.6,玄幻、灵异、战斗、悬疑,QQ 阅读
402,暗黑破坏神之毁灭,第七重奏01,3.5,科幻、游戏、暗黑、冒险,起点读书
403,穿越方式错误的宠物小精灵,绿红茶,4.0,历史、宠物、穿越、奇幻,番茄小说
404,江山美色,墨武,3.8,玄幻、历史、穿越、争霸,起点读书
405,我将埋葬众神,见异思剑,3.0,科幻、奇幻、神话、战斗,QQ 阅读
406,猛兽记,知秋,4.2,历史、历史、冒险、异兽,起点读书
407,旧日之箓,熊狼狗,3.0,历史、克苏鲁、历史、悬疑,Kindle 商店
408,日在地球,扭曲着抽筋,4.0,玄幻、奇幻、地球、冒险,Kindle 商店
409,1908远东狂人,丹丘,3.6,悬疑、历史、穿越、战争,Kindle 商店
410,缺月梧桐,缺月梧桐,3.9,玄幻、武侠、江湖、恩怨,QQ 阅读
411,开局我就想退出江湖,钵兰街肥龙,3.5,武侠、江湖、搞笑、逆袭,起点读书
412,异界的艾泽拉斯,板砖军师,3.5,武侠、游戏、异界、冒险,番茄小说
413,篡清,天使奥斯卡,3.6,玄幻、穿越、历史、权谋,QQ 阅读
414,流氓高手,无罪,4.3,武侠、游戏、竞技、青春,番茄小说
415,蹉跎,随风飘摇,4.1,悬疑、历史、知青、情感,番茄小说
416,天启预报,风月,2.6,历史、奇幻、预言、冒险,起点读书
417,大宇宙时代,zhttty,3.5,科幻、科幻、宇宙、冒险,番茄小说
418,异域神州道,知秋,2.7,玄幻、仙侠、异域、修真,微信读书
419,红龙,接口卡,3.2,历史、奇幻、龙族、冒险,QQ 阅读
420,深海余烬,远瞳,3.2,玄幻、克苏鲁、深海、奇幻,Kindle 商店
421,韩警官,卓牧闲,3.2,武侠、警察、都市、悬疑,番茄小说
422,柯学验尸官,河流之汪,3.4,历史、法医、推理、悬疑,QQ 阅读
423,萨拉弗的龙翼挽歌,归兮北冥,3.9,武侠、奇幻、龙类、史诗,QQ 阅读
424,穿越诸天当邪神,钦定,2.9,武侠、穿越、诸天、邪神,起点读书
425,明末边军一小兵,老白牛,3.5,悬疑、历史、军事、战争,Kindle 商店
426,绿龙筑巢记,归兮北冥,4.0,历史、奇幻、龙族、经营,Kindle 商店
427,三千美娇娘,紫钗恨,4.0,玄幻、历史、穿越、后宫,QQ 阅读
428,禽兽不如的穿越女,从零开始099,3.8,历史、穿越、搞笑、反套路,番茄小说
429,亡灵持政,九鱼,4.0,科幻、奇幻、亡灵、政治,Kindle 商店
430,她们说我是剑侠,先飞看刀,3.8,历史、武侠、江湖、女性,起点读书
431,起源树下的猎人,牧官,3.4,武侠、奇幻、狩猎、冒险,QQ 阅读
432,凤穿残汉,黑色柳丁,4.2,武侠、穿越、汉朝、争霸,番茄小说
433,我的女友是丧尸,黑暗荔枝,3.4,悬疑、末世、丧尸、恋爱,QQ 阅读
434,一八九三,Agincourt,3.6,科幻、历史、穿越、战争,Kindle 商店
435,熟睡之后,吾即正道,3.2,玄幻、灵异、悬疑、梦境,微信读书
436,乱臣贼子,奥丁般虚伪,4.1,玄幻、历史、权谋、争霸,QQ 阅读
437,皇家娱乐指南,贼道三痴,4.0,武侠、历史、娱乐、宫廷,Kindle 商店
438,叩问仙道,雨打青石,3.0,历史、仙侠、修真、问道,微信读书
439,电影的世界,有梦之人,3.0,科幻、影视、穿越、奇幻,起点读书
440,上天台,离人横川,3.4,都市、历史、权谋、宫廷,Kindle 商店
441,我们生活在南京,天瑞说符,3.9,都市、科幻、悬疑、现实,微信读书
442,宅之崛起,壶山小农,3.4,玄幻、都市、宅文化、奇幻,Kindle 商店
443,绝境长城上的王者,点爷01,1.9,历史、奇幻、长城、冒险,Kindle 商店
444,娱乐星工场,给您添蘑菇啦,3.4,历史、娱乐、都市、系统,QQ 阅读
445,唐朝工科生,鲨鱼禅师,3.1,科幻、穿越、唐朝、科技,微信读书
446,火热的年代,富春山居,3.6,悬疑、历史、年代、剧情,微信读书
447,这本书有妖气,追随,4.8,悬疑、灵异、搞笑、系统,微信读书
448,升邪,豆子惹的祸,3.5,科幻、仙侠、修真、逆袭,起点读书
449,重生之小玩家,吹个大气球9,2.8,都市、重生、游戏、创业,微信读书
450,星之海洋,charlesp,3.7,科幻、宇宙、冒险、科幻,番茄小说
451,平安传,西风紧,3.8,历史、仙侠、冒险,QQ 阅读
452,我的小人国,青衫小白,3.0,历史、宇宙探索、星际战争,Kindle 商店
453,异化,愤怒的香蕉,4.0,悬疑、唐朝、宫廷斗争,番茄小说
454,魔装,三生蘸酱,4.2,都市、异能、犯罪调查,起点读书
455,守望黎明号,黑袍雷斯林,3.0,玄幻、魔法、学院生活,Kindle 商店
456,宠物天王,皆破,3.1,历史、重生、商业帝国,番茄小说
457,姐姐爱上我,初恋璀璨如夏花,3.9,武侠、仙侠、剑修,微信读书
458,道果,战袍染血,3.5,都市、冒险、神秘宝藏,微信读书
459,重生之我变成了蛆2,一毛二,4.3,科幻、异世界、穿越,微信读书
460,低维游戏,历史里吹吹风,2.8,历史、明朝、民间故事,Kindle 商店
461,重卡战车在末世,白雨涵,3.1,都市、灵异、校园,QQ 阅读
462,咫尺之间人尽敌国,乘风御剑,3.0,悬疑、海盗、星际冒险,Kindle 商店
463,曙光纪元,人勿玩人,2.9,玄幻、江湖、比武,Kindle 商店
464,五行天,方想,3.0,都市、魔法少女、奇幻冒险,番茄小说
465,恶魔囚笼,颓废龙,3.0,都市、重生、官场,起点读书
466,超警美利坚,不如安静,3.7,玄幻、仙侠、修炼,QQ 阅读
467,神笔聊斋,哆啦i梦,3.2,都市、灵异、都市传说,微信读书
468,开海,夺鹿侯,3.2,悬疑、异世界、冒险,微信读书
469,伐清,灰熊猫,2.9,科幻、清朝、宫廷秘闻,QQ 阅读
470,地下城生长日志,黑糖煮酸梅,3.9,都市、游戏、竞技,Kindle 商店
471,好莱坞制作,白色十三号,3.4,都市、龙、战神,QQ 阅读
472,大明1630,克里斯韦伯,1.9,武侠、民国、侦探推理,QQ 阅读
473,迦南之心,绯炎,4.0,都市、魔法森林、守护,起点读书
474,管杀不管填,荣耀法兰西,3.8,历史、重生、娱乐圈,起点读书
475,美漫丧钟,混沌文工团,3.3,武侠、仙侠、爱情,番茄小说
476,超凡黎明,文抄公,3.1,历史、冒险、宝藏,微信读书
477,绝秦,守玄,3.5,都市、异世界、魔法,起点读书
478,银狐,孑与2,1.9,武侠、汉朝、战争,起点读书
479,朕,王梓钧,2.6,玄幻、异能、都市,起点读书
480,凶鸟猎食图谱,接口卡,3.2,科幻、精灵、奇幻,番茄小说
481,我的诡异人生,白刃斩春风,2.9,都市、重生、豪门,番茄小说
482,超弦空间,饕餮居士,3.5,都市、仙侠、剑道,番茄小说
483,北唐,蚕室废人,4.0,武侠、校园、青春,Kindle 商店
484,朱雀记,猫腻,2.5,都市、星际、战争,微信读书
485,钢铁王座,风月,3.4,玄幻、江湖、恩怨情仇,Kindle 商店
486,天行健,燕垒生,4.0,都市、魔法世界、冒险,Kindle 商店
487,恐怖广播,纯洁滴小龙,3.0,悬疑、重生、商业,微信读书
488,钢铁火药和施法者,尹紫电,3.2,都市、仙侠、灵界,起点读书
489,道士夜仗剑,亲吻指尖,3.0,玄幻、灵异、都市,Kindle 商店
490,英雄志,孙晓,4.0,武侠、异世界、召唤,Kindle 商店
491,哈利波特之我是传奇,纠结于名,2.2,武侠、宋朝、文化,番茄小说
492,我的主神游戏,木恒,3.5,悬疑、游戏、争霸,Kindle 商店
493,台湾娱乐1971,得闲读书,3.5,都市、混沌、天尊,微信读书
494,地师,徐公子胜治,4.0,历史、民国、战争,QQ 阅读
495,抢救大明朝,大罗罗,3.0,历史、魔法花园、秘密,Kindle 商店
496,微酸学园ABC,ftp1976,4.3,历史、重生、科技,Kindle 商店
497,20世纪风云录,富春山居,3.2,科幻、仙侠、太古,微信读书
498,重燃,奥尔良烤鲟鱼堡,2.5,玄幻、灵异、校园,番茄小说
499,神秘物语,落琴海,4.1,科幻、星际、探险,番茄小说
500,汉魏文魁,赤军,3.1,历史、江湖、侠义,起点读书
501,模拟人生者,我渴望力量,3.6,武侠、灵幻、冒险,微信读书
502,全球影帝,黑心火柴,2.5,玄幻、未来科技、人工智能,QQ 阅读
503,在港综成为传说,凤嘲凰,3.1,武侠、三国、战争,番茄小说
504,室友穿裙子的秘密,仲夏baka,4.0,科幻、犯罪、推理,Kindle 商店
505,我的治愈系游戏,我会修空调,2.5,历史、魔法、勇者,QQ 阅读
506,替天行盗,石章鱼,1.2,科幻、重生、工业革命,番茄小说
507,星空王座,朱邪多闻,4.0,都市、仙侠、修炼,起点读书
508,侵入人间,发条橙之梦,3.2,都市、冒险、遗迹,Kindle 商店
509,圣者,九鱼,3.2,玄幻、异世界、召唤,起点读书
510,唐骑,阿菩,3.8,都市、宋朝、改革,起点读书
511,大明1630,奶瓶战斗机,3.0,悬疑、灵异、校园,微信读书
512,家园,酒徒,3.7,武侠、星际、旅行,起点读书
513,魔王奶爸,盘古混沌,3.5,都市、江湖、门派,QQ 阅读
514,红袍法师,雁鱼,3.5,历史、魔法、冒险,Kindle 商店
515,国士无双,骁骑校,2.6,历史、重生、金融,微信读书
516,国民法医,志鸟村,3.6,悬疑、仙侠、剑道,番茄小说
517,我就是神！,历史里吹吹风,2.8,历史、灵异、都市传说,QQ 阅读
518,蓝白社,魔性沧月,2.9,玄幻、异世界、冒险,起点读书
519,我在末世有套房,晨星LL,2.6,历史、明朝、民间故事,微信读书
520,重生于康熙末年,雁九,2.6,悬疑、游戏、竞技,QQ 阅读
521,呢喃诗章,咸鱼飞行家,3.1,都市、混沌、魔神,微信读书
522,第一序列,会说话的肘子,1.9,玄幻、民国、神秘事件,起点读书
523,飞天,跃千愁,1.8,悬疑、魔法森林、生物,QQ 阅读
524,极品公子,烽火戏诸侯,3.5,历史、重生、娱乐圈,起点读书
525,红楼梦,曹雪芹,4.5,科幻、仙侠、长生,Kindle 商店
526,仙武道纪,饕餮居士,2.9,科幻、冒险、海洋,Kindle 商店
527,异界之书,宝月流光,3.2,科幻、异世界、魔法,起点读书
528,文化抵抗最前线,黄狗身上白,3.0,玄幻、汉朝、英雄,QQ 阅读
529,从聊斋开始做狐仙,喵拳警告,3.3,悬疑、异能、都市,起点读书
530,从零开始的穿越女,从零开始099,4.2,都市、矮人、奇幻,QQ 阅读
531,小兵传奇,玄雨,3.7,悬疑、重生、豪门,Kindle 商店
532,贵族法则,二十七男,4.0,历史、仙侠、剑道,微信读书
533,赝太子,荆柯守,3.0,科幻、校园、青春,微信读书
534,王国的建立,秋官,3.2,都市、星际、战争,起点读书
535,仙都,陈猿,2.7,悬疑、江湖、传说,Kindle 商店
536,诸界末日在线,烟火成城,2.2,都市、魔法世界、冒险,微信读书
537,在下壶中仙,海底漫步者,2.4,都市、重生、商业,微信读书
538,重回初三,多木木多,4.1,都市、仙侠、剑道,番茄小说
539,托身白刃里，浪迹红尘中,接卡口,2.8,历史、灵异、都市,番茄小说
540,地狱公寓,黑色火种,3.4,悬疑、异世界、召唤,番茄小说
541,楚氏春秋,宁致远,4.1,历史、宋朝、文化,Kindle 商店
542,工业霸主,齐橙,3.1,都市、游戏、竞技,QQ 阅读
543,新书,七月新番,3.0,都市、太古、天尊,微信读书
544,魔法种族大穿越,残酷厕纸天使,2.5,都市、民国、战争,番茄小说
545,重生美国当大师,慕容鹉,2.1,历史、魔法花园、冒险,番茄小说
546,玩家超正义,不祈十弦,2.9,玄幻、重生、科技,起点读书
547,勒胡马,赤军,3.0,都市、仙侠、剑道,起点读书
548,火影之救世主,范仪同,3.1,武侠、灵异、校园,起点读书
549,狂探,旷海忘湖,2.8,都市、星际、探险,番茄小说
550,暴风雨中的蝴蝶,necroman,4.0,悬疑、江湖、侠义,起点读书
551,铁十字,月影梧桐,2.5,历史、灵幻、冒险,微信读书
552,圣墟,辰东,2.2,都市、未来科技、机器人,起点读书
553,末世之黑暗召唤师,晓夜圆舞曲,2.2,历史、三国、智谋,起点读书
554,山海八荒录,洛水,3.4,悬疑、犯罪、推理,Kindle 商店
555,某科学的宅电磁炮,御坂10086,4.0,科幻、魔法、传奇,QQ 阅读
556,范进的平凡生活,普祥真人,2.0,都市、重生、商业,起点读书
557,剑种,亲吻指尖,3.8,科幻、仙侠、剑道,微信读书
558,寒门崛起,朱郎才尽,1.9,悬疑、冒险、宝藏,起点读书
559,鹰扬拜占庭,幸运的苏拉,2.7,都市、异世界、召唤,Kindle 商店
560,我们人类真是太棒啦!,落笔生草,3.8,历史、宋朝、战争,Kindle 商店
561,林中之马的魔王,新林中之马,3.2,科幻、灵异、校园,Kindle 商店
562,长生不死,观棋,3.2,历史、星际、探索,微信读书
563,帝国从来没有神圣的,诶呦喂,3.4,都市、江湖、英雄,起点读书
564,终宋,怪诞的表哥,3.0,都市、魔法、冒险,起点读书
565,团长养成计划,团长最高,4.1,都市、重生、金融,QQ 阅读
566,乱清,青玉狮子,2.1,科幻、仙侠、剑道,起点读书
567,黑铁之堡,醉虎,2.5,都市、灵异、都市传说,微信读书
568,买活,御井烹香,3.1,都市、异世界、冒险,Kindle 商店
569,伊塔之柱,绯炎,3.0,都市、明朝、宫廷,番茄小说
570,这*******过,梦魇殿下,1.6,玄幻、游戏、竞技,起点读书
571,剑与魔法与出租车,索斯,2.8,历史、混沌、剑道,QQ 阅读
572,隐秘死角,滚开,2.9,悬疑、民国、奇人,起点读书
573,天人图谱,误道者,3.0,玄幻、魔法森林、生物,番茄小说
574,请不要打扰我修仙,山川不念,2.9,玄幻、重生、娱乐圈,番茄小说
575,灵魂画手,无籽甜瓜,3.2,科幻、仙侠、长生,微信读书
576,恶魔狂想曲之明日骄阳,胡鳕,4.0,悬疑、冒险、海洋,起点读书
577,道祖是克苏鲁,板斧战士,2.2,都市、异世界、魔法,微信读书
578,我本港岛电影人,再来一盘菇凉,2.8,科幻、汉朝、盛世,QQ 阅读
579,食仙主,鹦鹉咬舌,3.0,科幻、异能、都市,番茄小说
580,史上最强师兄,八月飞鹰,2.9,武侠、精灵、奇幻,番茄小说
581,脑洞大爆炸,魔性沧月,2.9,玄幻、重生、豪门,番茄小说
582,青玄道主,中原五百,2.6,武侠、仙侠、剑道,微信读书
583,韩四当官,卓牧闲,1.6,科幻、校园、青春,Kindle 商店
584,铸星者,浮屠子,2.9,悬疑、星际、战争,Kindle 商店
585,我的妹妹是COSER?,村长万岁,3.5,科幻、江湖、传说,QQ 阅读
586,一世富贵,安化军,3.0,都市、魔法世界、冒险,番茄小说
587,暗影神座,余云飞,3.1,历史、重生、商业,微信读书
588,万妞不挡之勇,静官,3.8,历史、仙侠、剑道,Kindle 商店
589,必然王国到自由王国,万木春,3.9,都市、灵异、都市,起点读书
590,魔盗,血珊瑚,4.1,武侠、异世界、召唤,微信读书
591,法相仙途,泛东流,3.3,玄幻、宋朝、政治,番茄小说
592,重走未来路,万木春,3.2,科幻、游戏、竞技,番茄小说
593,老衲还年轻,端午正阳,3.5,玄幻、太古、剑道,番茄小说
594,我成了一条锦鲤,丹尼尔秦,3.2,都市、民国、英雄,微信读书
595,我为纣王之傲啸封神,点精灵,3.6,武侠、穿越、搞笑、封神演义、后宫1,起点读书
596,超级大忽悠,常书欣,4.2,玄幻、幽默、脑洞大开,Kindle 商店
597,觉醒－仿如昨日,令狐BEYOND,4.0,悬疑、烧脑、科幻元素,QQ 阅读
598,魔狱,造化斋主,3.1,武侠、江湖恩怨、热血,起点读书
599,氪金魔主,凰中鲤,2.4,悬疑、诡异、神秘,Kindle 商店
600,文明破晓,绯红之月,3.1,武侠、历史背景、战争,起点读书
601,我的大宝剑,学霸殿下,2.6,科幻、轻松幽默、冒险,Kindle 商店
602,怪物被杀就会死,阴天神隐,2.8,历史、正义、中二、守护3,起点读书
603,水浒求生记,他来自江湖,3.5,武侠、穿越水浒、生存,Kindle 商店
604,唐朝好男人,多一半,3.6,历史、穿越唐朝、经商4,QQ 阅读
605,我的人生可以无限模拟,新亭,2.6,科幻、模拟人生、成长,起点读书
606,官路风流,小桥老树,4.0,悬疑、官场、励志,番茄小说
607,鬼子你好我们是游戏玩家,红心兔,3.5,悬疑、游戏穿越、抗日,番茄小说
608,王牌,虾写,3.5,历史、侦探、悬疑推理,微信读书
609,黑夜将至,温言对酒,3.0,武侠、黑暗风、江湖,Kindle 商店
610,剑出华山,血沃天涯,3.1,悬疑、武侠仙侠、华山派,Kindle 商店
611,汉阙,七月新番,3.7,玄幻、历史穿越、秦汉,Kindle 商店
612,妹妹爱人,秋也凉,4.2,科幻、情感、都市幻想,微信读书
613,仗剑高歌,踏雪真人,3.4,武侠、侠义、热血江湖,QQ 阅读
614,这里有妖气,咬火,2.8,都市、灵异、玄幻,微信读书
615,和空姐同居的日子,三十,4.3,武侠、都市言情、轻喜剧,Kindle 商店
616,他从地狱来,纯洁滴小龙,3.6,历史、悬疑灵异、冒险,微信读书
617,随身带个侏罗纪,木鱼和尚,3.1,科幻、穿越时空、恐龙,起点读书
618,骸骨武士,接卡口,3.7,悬疑、异世界、冒险,微信读书
619,世子很凶,关关公子,3.2,武侠、古代言情、权谋,番茄小说
620,匡扶汉室,七月新番,3.5,历史、穿越三国、励志,微信读书
621,重生完美时代,公子不歌,2.5,科幻、重生、商业,起点读书
622,若水向东流,我渴望力量,3.6,悬疑、情感、成长,番茄小说
623,开局主神挂了,青楼书生,3.2,科幻、系统流、冒险,QQ 阅读
624,工业之动力帝国,滿楼红袖招,3.4,玄幻、工业流、穿越,番茄小说
625,生于1984,老徐牧羊,2.7,科幻、年代、成长,番茄小说
626,知否？知否？应是绿肥红瘦,关心则乱,3.9,都市、古代言情、宅斗,微信读书
627,这世界的土著好凶猛,真费事,2.8,科幻、异世界、冒险,起点读书
628,点道为止,梦入神机,2.9,武侠、国术、现代江湖,番茄小说
629,最佳娱乐时代,白色十三号,3.3,玄幻、娱乐、穿越,QQ 阅读
630,迷失在一六二九,陆双鹤,2.5,悬疑、穿越明朝、航海,QQ 阅读
631,凡人修仙之仙界篇,忘语,2.6,玄幻、修仙、冒险,微信读书
632,跑出我人生,丧尸舞,3.1,玄幻、励志、都市异能,起点读书
633,黄金瞳,打眼,3.4,都市、鉴宝、异能,起点读书
634,民国文匪,奶瓶战斗机,3.3,都市、民国、传奇,起点读书
635,革命吧女神,草上匪,2.3,科幻、女权、异世界,起点读书
636,城管无敌,老老王,3.4,武侠、都市玄幻、搞笑,Kindle 商店
637,钢铁雄心之舰男穿越记,半只青蛙,3.3,玄幻、穿越、军事,番茄小说
638,1871神圣冲击,纳尔逊勋爵,2.3,悬疑、历史、战争,微信读书
639,曹操穿越武大郎,神枪老飞侠,3.3,历史、穿越、搞笑,起点读书
640,大明小学生,随轻风去,3.0,武侠、穿越明朝、校园,Kindle 商店
641,重生传说,周行文,4.1,武侠、重生、都市江湖,番茄小说
642,老婆请安分,花还没开,4.0,悬疑、情感、家庭,微信读书
643,全民大穿越,朱血莲,3.1,都市、穿越、冒险,QQ 阅读
644,惊门,徐公子胜治,3.8,玄幻、奇门遁甲、悬疑,微信读书
645,赤城,流浪的蛤蟆,3.3,悬疑、玄幻、冒险,番茄小说
646,欢迎来到BOSS队,李古丁,2.7,科幻、系统流、团队冒险,起点读书
647,湮变,皆虚皆允,3.9,都市、灾难、人性,起点读书
648,退后让为师来,隐语者,3.0,历史、穿越、搞笑,起点读书
649,史上第一祖师爷,八月飞鹰,3.3,玄幻、修仙、门派,微信读书
650,我只想当一个安静的学霸,术小城,2.5,历史、校园、励志,起点读书
651,宋时归,天使奥斯卡,3.6,武侠、穿越宋朝、战争,QQ 阅读
652,终焉的骑士,西贝猫,3.5,都市、奇幻、冒险,Kindle 商店
653,黑锅,常书欣,4.1,科幻、警匪、悬疑,起点读书
654,地球纪元,彩虹之门,2.0,都市、科幻、末日,番茄小说
655,重生日本当神明,海底漫步者,3.0,历史、穿越日本、神话,起点读书
656,武动乾坤,天蚕土豆,3.0,历史、玄幻、成长,番茄小说
657,大乘期才有逆袭系统,最白的乌鸦,2.6,历史、修仙、系统流,番茄小说
658,克斯玛帝国,三脚架,3.1,玄幻、异世界、冒险,番茄小说
659,转生眼中的火影世界,空想之龙,2.8,科幻、火影同人、穿越,Kindle 商店
660,演员没有假期,关乌鸦,3.1,历史、娱乐圈、穿越,QQ 阅读
661,我有一个修仙世界,纯九莲宝灯,2.4,玄幻、修仙、冒险,起点读书
662,全能游戏设计师,青衫取醉,2.8,科幻、游戏设计、系统流,QQ 阅读
663,二鬼子汉奸李富贵（曲线救国续集）,无语中,3.6,历史、穿越、抗日,起点读书
664,科技王座,急冻人,3.7,科幻、科技、未来,Kindle 商店
665,硬核危机,迷路的鱼,2.8,科幻、末日、冒险,番茄小说
666,龙符,梦入神机,2.7,科幻、玄幻、符文,番茄小说
667,烽火逃兵,小知闲闲,3.4,历史、战争、人性,Kindle 商店
668,东京警事,虫草田十,3.0,武侠、都市、侦探,Kindle 商店
669,天枢,徐公子胜治,3.9,历史、悬疑、风水,微信读书
670,精灵掌门人,轻泉流响,3.5,科幻、精灵养成、冒险,QQ 阅读
671,魔神乐园,熊狼狗,2.6,玄幻、异世界、冒险,QQ 阅读
672,大泼猴,甲鱼不是龟,2.5,历史、西游同人、热血,微信读书
673,黑金教父,懵懂的猪,4.2,科幻、都市、商业,Kindle 商店
674,西游记,吴承恩,4.8,都市、神话、经典,QQ 阅读
675,重生之乡路漫长,雪下,4.3,历史、重生、乡村,QQ 阅读
676,雏鹰的荣耀,匂宮出夢,3.4,科幻、历史、冒险,起点读书
677,灵境行者,卖报小郎君,1.9,武侠、玄幻、异能,番茄小说
678,我真不是邪神走狗,万劫火,3.4,都市、灵异、悬疑,起点读书
679,次元法典,西贝猫,2.5,武侠、综漫、穿越,Kindle 商店
680,主神大道,古月居士,2.5,历史、系统流、冒险,番茄小说
681,非人类基因统合体,魔性沧月,2.9,都市、科幻、变异,Kindle 商店
682,好莱坞之路,白色十三号,3.2,玄幻、娱乐、穿越,番茄小说
683,家父汉高祖,历史系之狼,2.6,历史、穿越、亲情,Kindle 商店
684,黄庭道主,妖僧花无缺,2.6,悬疑、修仙、玄幻,Kindle 商店
685,一点也不超级的机器人大战,也闲,3.7,都市、科幻、机器人,番茄小说
686,汉儿不为奴,傲骨铁心,3.6,悬疑、历史、民族,Kindle 商店
687,乱世书,姬叉,2.4,武侠、古代言情、江湖,微信读书
688,这世界危在旦夕,通吃,3.3,科幻、末日、冒险,番茄小说
689,护国公,木允锋,3.6,悬疑、历史、政治,番茄小说
690,大唐官,幸运的苏拉,2.5,历史、穿越唐朝、官场,微信读书
691,非正常人类异闻录,精分三代,3.4,武侠、都市灵异、搞笑,QQ 阅读
692,诸天万界神龙系统,维斯特帕列,2.8,都市、玄幻、系统流,微信读书
693,我家老婆来自一千年前,花还没开,3.7,科幻、穿越、言情,起点读书
694,一念永恒,耳根,2.6,悬疑、修仙、搞笑,起点读书
695,九鼎记,我吃西红柿,3.5,历史、武侠、玄幻,起点读书
696,寻找人类,RAYSTORM,4.5,都市、科幻、末日,番茄小说
697,求魔,耳根,3.3,武侠、玄幻、修仙,Kindle 商店
698,奈格里之魂,虚鸣,3.0,武侠、玄幻、冒险,番茄小说
699,太上章,徐公子胜治,3.6,都市、修真、玄学,起点读书
700,寄生之子,群星观测,3.8,科幻、科幻、寄生,Kindle 商店
701,巨虫尸巫,竹上猪猪,3.1,都市、玄幻、虫族,微信读书
702,纪元黎明,人勿玩人,2.9,玄幻、末世、科幻,番茄小说
703,全职BOSS,宝月流光,3.4,科幻、游戏、系统,番茄小说
704,高天之上,阴天神隐,2.8,都市、玄幻、冒险,微信读书
705,沙漠圣贤,穆斯塔法本哈立德,1.7,武侠、异域、冒险,Kindle 商店
706,美剧世界大冒险,乌鸦校长,2.9,悬疑、美剧、穿越,番茄小说
707,百年家书,疯丢子,4.1,武侠、抗战、言情,微信读书
708,天朝之梦,大罗罗,3.1,悬疑、历史、穿越,番茄小说
709,这是我的星球,姬叉,2.5,历史、科幻、星际,番茄小说
710,恋爱要在模拟后,尺间萤火,3.4,历史、恋爱、模拟,番茄小说
711,大国重工,齐橙,2.4,玄幻、工业、年代,QQ 阅读
712,异人傲世录,明寐,4.0,悬疑、玄幻、异世,起点读书
713,独闯天涯,蝴蝶蓝,4.0,武侠、游戏、竞技,微信读书
714,学魔养成系统,给您添蘑菇啦,3.4,历史、系统、校园,QQ 阅读
715,丝路大亨,克里斯韦伯,1.7,科幻、经商、历史,起点读书
716,绝对死亡游戏,俺有两杆大狙,3.4,都市、无限流、惊悚,微信读书
717,异度降临时,极冷,3.2,悬疑、科幻、末世,微信读书
718,剥削好莱坞1980,莫斯科钳工果沙,2.8,悬疑、影视、穿越,起点读书
719,无限沸腾,相思洗红豆,2.6,历史、无限流、热血,Kindle 商店
720,文艺生活,薪越,3.2,都市、文艺、都市,番茄小说
721,天谴之心,荆柯守,3.4,都市、玄幻、权谋,起点读书
722,[综武侠]故国神游,城里老鼠,3.7,武侠、武侠、综漫,Kindle 商店
723,明克街13号,纯洁滴小龙,2.5,悬疑、悬疑、灵异,微信读书
724,我能看见状态栏,罗三观.CS,3.0,历史、系统、异能,番茄小说
725,最强弃少,鹅是老五,2.0,历史、修真、逆袭,起点读书
726,笑傲之华山,湛湛青天,3.8,武侠、武侠、同人,微信读书
727,莽荒纪,我吃西红柿,3.0,历史、玄幻、修真,微信读书
728,末日拼图游戏,更从心,3.0,科幻、末世、推理,微信读书
729,苍青之剑,幽祝,3.0,悬疑、玄幻、剑修,番茄小说
730,长生界,辰东,3.5,玄幻、玄幻、神话,番茄小说
731,重生之大英雄,沧海煮成酒,3.6,都市、重生、都市,微信读书
732,奥古斯都之路,幸运的苏拉,3.0,武侠、历史、西方,微信读书
733,大逆转1906,神圣智狼,3.4,都市、历史、穿越,番茄小说
734,焚天,流浪的蛤蟆,3.3,悬疑、玄幻、修真,QQ 阅读
735,重生之都市修仙,十里剑神,2.1,"玄幻, 都市、修仙、都市",Kindle 商店
736,鹿妖逐鹿,苍山大虫,3.0,武侠、玄幻、妖怪,QQ 阅读
737,道辟九霄,太上真君,3.0,悬疑、修真、玄幻,Kindle 商店
738,泽天记,Raywood,4.0,都市、玄幻、冒险,QQ 阅读
739,这不是娱乐,睡觉会变白,3.2,武侠、娱乐、都市,QQ 阅读
740,时间掠夺,钦定,3.0,科幻、科幻、时间,QQ 阅读
741,天下豪商,大罗罗,2.3,历史、经商、历史,Kindle 商店
742,早安！三国打工人,蒿里茫茫,3.4,玄幻、三国、职场,微信读书
743,异世龙蛇,剑扼虚空,2.9,武侠、玄幻、异世,QQ 阅读
744,战国逆风记,荆柯守,4.0,悬疑、历史、战国,起点读书
745,废土崛起,通吃道人.QD,2.2,武侠、废土、末世,番茄小说
746,史上第一掌门,冥域天使,3.1,都市、修真、门派,番茄小说
747,一刀劈开生死路,夜与雪,2.8,武侠、武侠、热血,起点读书
748,临时监护人,海底漫步者,3.3,悬疑、都市、情感,QQ 阅读
749,天才医生,柳下挥,3.4,玄幻、医学、都市,番茄小说
750,人生长恨水长东,水明石,4.4,悬疑、言情、悲剧,QQ 阅读
751,复活之战斗在第三帝国,锋锐,3.6,玄幻、二战、穿越,起点读书
752,?异界征服手册,烈鹰少校,2.9,武侠、异界、战争,起点读书
753,谜案追凶,饭团桃子控,3.6,都市、推理、悬疑,起点读书
754,咸鱼的自救攻略,貌似高手,2.6,历史、系统、逆袭,QQ 阅读
755,彩色收集系统,我渴望力量,2.8,历史、系统、收集,QQ 阅读
756,世界那么大,末子浪们哪个,3.4,悬疑、旅行、都市,QQ 阅读
757,带着网咖回1950,一斤小鳄梨,3.0,玄幻、穿越、年代,QQ 阅读
758,心有不甘,三水小草,4.0,科幻、言情、现实,QQ 阅读
759,姑娘你不对劲啊,幽祝,2.5,玄幻、玄幻、搞笑,QQ 阅读
760,穿到明朝考科举,五色龙章,3.2,悬疑、穿越、科举,微信读书
761,匠心,沙包,3.4,历史、职场、励志,微信读书
762,饲养全人类,三百斤的微笑,2.8,玄幻、科幻、养成,起点读书
763,万千之心,滚开,2.9,科幻、玄幻、无限流,QQ 阅读
764,北宋穿越指南,王梓钧,3.0,历史、穿越、宋朝,QQ 阅读
765,还你六十年,三水小草,3.8,玄幻、年代、情感,QQ 阅读
766,赛博剑仙铁雨,半麻,3.6,武侠、赛博、修仙,Kindle 商店
767,霸皇纪,踏雪真人,3.0,科幻、玄幻、争霸,Kindle 商店
768,人道纪元,亲吻指尖,4.0,都市、玄幻、史诗,番茄小说
769,学霸也要谈恋爱,学霸殿下,3.8,科幻、校园、恋爱,QQ 阅读
770,穿越者,骁骑校,2.1,玄幻、都市、穿越,QQ 阅读
771,克拉夫特异态学笔记,雪中菜鸡,3.5,科幻、悬疑、奇幻,QQ 阅读
772,此间的少年,江南,4.0,历史、校园、青春,微信读书
773,督军,普祥真人,2.4,科幻、民国、军政,微信读书
774,天神下凡,烽火戏诸侯,3.9,都市、玄幻、热血,Kindle 商店
775,女主从书里跑出来了怎么办,姬叉,2.1,历史、穿越、言情,Kindle 商店
776,巫师不朽,咸鱼洁南,2.9,悬疑、西幻、巫师,QQ 阅读
777,农夫三国,苍山虎,3.5,悬疑、三国、种田,番茄小说
778,影视世界旅行家,昨夜大雨,2.4,悬疑、影视、穿越,微信读书
779,如来必须败,鸟云,3.0,都市、神话、玄幻,起点读书
780,[综武侠]圣僧,鼎上软,3.5,武侠、武侠、综漫,Kindle 商店
781,仙箓,布谷聊,2.5,武侠、修真、玄幻,微信读书
782,升维之旅,求知求真,2.9,玄幻、科幻、维度,QQ 阅读
783,全球巨星从练习生开始,愤怒猕猴桃,2.9,武侠、娱乐、偶像,起点读书
784,山那边的领主,eskimol,3.9,武侠、西幻、领主,Kindle 商店
785,木兰无长兄,祈祷君,4.0,都市、穿越、历史,起点读书
786,太阳王之证,汉朝天子,3.0,悬疑、西幻、冒险,Kindle 商店
787,大唐双龙传,黄易,4.5,科幻、武侠、历史,番茄小说
788,仙丹给你毒药归我,小呆昭,2.8,历史、修真、言情,QQ 阅读
789,搬山,豆子惹的祸,3.5,历史、玄幻、冒险,番茄小说
790,致命武力之新世界,实在没选择,3.3,都市、无限流、战斗,起点读书
791,影视世界当神探,冰原三雅,2.8,玄幻、影视、推理,微信读书
792,捡到一只始皇帝,历史系之狼,3.1,历史、穿越、历史,起点读书
793,名侦探世界里的巫师,追梦人Love平,2.9,武侠、柯南、巫师,Kindle 商店
794,飞剑问道,我吃西红柿,2.6,玄幻、修真、仙侠,微信读书
795,无限先知,吴杰超,2.4,悬疑、无限流、先知,Kindle 商店
796,重生之等你长大,项庭生,2.4,科幻、重生、言情,Kindle 商店
797,带着火影重生日本东京,雨后不带刀,2.6,都市、火影、穿越,Kindle 商店
798,宅师,烛,3.5,都市、风水、都市,QQ 阅读
799,崛起之第三帝国,大罗罗,3.2,玄幻、二战、穿越,微信读书
800,秘巫之主,真愚老人,2.6,武侠、西幻、巫师,番茄小说
801,红楼之庶子风流,屋外风吹凉,2.9,武侠、红楼、权谋,QQ 阅读
802,蒸汽朋克下的神秘世界,九城君,2.9,历史、蒸汽朋克、奇幻,Kindle 商店
803,我的专属梦境游戏,碧蓝的世界,2.6,武侠、游戏、梦境,微信读书
804,寒门贵子,地黄丸,3.1,武侠、年代、励志,Kindle 商店
805,巅峰玩家,孤枫枭寒,3.0,都市、游戏、竞技,Kindle 商店
806,乱世铜炉,又是十三,3.8,科幻、武侠、奇幻,QQ 阅读
807,我在废土世界扫垃圾,有花在野,3.8,武侠、废土、生存,Kindle 商店
808,同学两亿岁,疯丢子,4.0,悬疑、科幻、校园,起点读书
809,在漫威当超级英雄的那些年,一吨大苹果,2.8,都市、漫威、穿越,起点读书
810,剑王朝,无罪,2.9,玄幻、武侠、权谋,起点读书
811,光头武僧在都市,易伤秋者,2.8,都市、武侠、都市,Kindle 商店
812,飞越泡沫时代,斜线和弦,3.1,武侠、娱乐、年代,番茄小说
813,柯南之我不是蛇精病,烟火酒颂,3.1,悬疑、柯南、穿越,起点读书
814,神煌,开荒,3.2,历史、玄幻、修真,微信读书
815,姜姬,多木木多,3.6,科幻、历史、权谋,微信读书
816,红楼如此多骄,嗷世巅锋,3.1,玄幻、红楼、穿越,番茄小说
817,余烬之铳,Andlao,3.2,历史、西幻、蒸汽,Kindle 商店
818,诸世大劫主,文抄公,3.1,武侠、无限流、劫主,QQ 阅读
819,征服天国,实心熊,3.2,科幻、历史、西方,起点读书
820,救世主强制上岗,小雨清晨,2.6,武侠、系统、救世,起点读书
821,冠军之心,林海听涛,3.0,都市、体育、足球,微信读书
822,崩坏星河,国王陛下,3.2,玄幻、科幻、星际,Kindle 商店
823,我本无意成仙,金色茉莉花,3.0,都市、修真、言情,Kindle 商店
824,星级猎人,陈词懒调,3.8,悬疑、科幻、冒险,Kindle 商店
825,都市模拟人生,明渐,2.5,都市、系统、模拟,起点读书
826,重生之围棋梦,七死八活,3.6,科幻、重生、围棋,QQ 阅读
827,春回大明朝,木允锋,3.5,悬疑、穿越、明朝,微信读书
828,出笼记,核动力战列舰,2.9,悬疑、科幻、末世,番茄小说
829,仙道长青,林泉隐士,2.9,玄幻、修真、种田,起点读书
830,恐怖网文,纯洁滴小龙,2.6,悬疑、无限流、恐怖,QQ 阅读
831,剑道独尊,剑游太虚,3.2,武侠、修真、剑道,番茄小说
832,画妖师,小鸽哥,3.4,玄幻、玄幻、妖怪,QQ 阅读
833,天魔神谭,手枪,3.9,武侠、玄幻、异世,QQ 阅读
834,空想之拳,杜停杯,3.1,悬疑、异能、都市,番茄小说
835,恶灵附身,剑上独觉,3.3,悬疑、灵异、悬疑,QQ 阅读
836,荣飞的梦幻人生,wanglong,3.7,悬疑、重生、年代,QQ 阅读
837,大魏宫廷,贱宗首席弟子,2.4,都市、历史、宫廷,QQ 阅读
838,大英公务员,青山铁杉,3.0,武侠、历史、职场,起点读书
839,改革开放魔法界[综英美],衿夜,3.6,科幻、魔法、综漫,微信读书
840,自旧世界,血染明月,3.9,玄幻、末世、生存,QQ 阅读
841,草根石布衣,中秋月明,2.4,历史、年代、励志,Kindle 商店
842,重生之超级战舰,彩虹之门,2.9,都市、科幻、星际,QQ 阅读
843,绝对交易,隐语者,2.8,都市、系统、交易,Kindle 商店
844,次元马甲系统,哆啦i梦,2.8,玄幻、系统、综漫,起点读书
845,赛博英雄传,吾道长不孤,3.2,悬疑、赛博、武侠,起点读书
846,大周皇族,皇甫奇,3.2,历史、玄幻、王朝,QQ 阅读
847,仙人消失之后,风行水云间,2.4,都市、修真、悬疑,QQ 阅读
848,不科学御兽,轻泉流响,2.2,武侠、玄幻、御兽,起点读书
849,请叫我邪神大人,剑上独觉,3.1,历史、克苏鲁、邪神,Kindle 商店
850,武极天下,蚕茧里的牛,3.1,悬疑、玄幻、升级,QQ 阅读
851,玄门封神,亲吻指尖,3.1,历史、封神、修真,Kindle 商店
852,末日蟑螂,伟岸蟑螂,3.1,悬疑、末世、系统,起点读书
853,神座崛起,神圣智狼,3.0,玄幻、玄幻、神座,Kindle 商店
854,首席御医,银河九天,3.3,武侠、医学、都市,微信读书
855,[综]直播破案现场,锦屏韶光,3.8,历史、推理、直播,QQ 阅读
856,古希腊之地中海霸主,陈瑞,3.5,历史、历史、西方,QQ 阅读
857,异常魔兽见闻录,无能的王,3.0,科幻、魔兽、奇幻,番茄小说
858,赫氏门徒,冷钻,3.9,都市、西幻、学院,微信读书
859,拜见教主大人,封七月,2.5,历史、修真、教主,Kindle 商店
860,高山牧场,醛石,3.2,武侠、田园、牧场,QQ 阅读
861,拳镇山河,梦入神机,4.0,悬疑、国术、玄幻,QQ 阅读
862,终极大神进化论,微云疏影,3.6,科幻、系统、进化,Kindle 商店
863,无限制神话,废纸桥,2.7,玄幻、无限流、神话,番茄小说
864,顶级气运，悄悄修炼千年,任我笑,2.4,历史、修真、气运,QQ 阅读
865,权财,尝谕,3.3,都市、都市、权谋,Kindle 商店
866,汉鼎余烟,蟹的心,3.2,悬疑、历史、汉朝,Kindle 商店
867,大地产商,更俗,3.2,武侠、都市、经商,起点读书
868,[快穿]其实我有一颗反派的心,讨厌夏天,3.2,悬疑、快穿、反派,番茄小说
869,一品修仙,不放心油条,2.7,玄幻、修真、朝堂,Kindle 商店
870,聊斋好莱坞,魔幻的石头,3.1,武侠、聊斋、影视,微信读书
871,火影之水遁最强,观水楼,3.2,都市、火影、同人,微信读书
872,血龙骄雄,读书之人,2.8,玄幻、历史、战争,Kindle 商店
873,娱乐之荒野食神,祥瑞御妹,2.4,历史、娱乐、美食,微信读书
874,大明妖孽,冰临神下,3.2,都市、历史、玄幻,Kindle 商店
875,真灵九变,睡秋,3.2,武侠、修真、玄幻,QQ 阅读
876,弗雷尔卓德的孤狼,薄荷小匠,3.3,武侠、LOL、同人,起点读书
877,末世第十年,扶华,4.2,历史、末世、言情,番茄小说
878,兵锋无双,沧海煮成酒,3.9,科幻、历史、战争,微信读书
879,通天之路,无罪,3.3,悬疑、修真、冒险,微信读书
880,三国之宅行天下,贱宗首席弟子,3.5,武侠、三国、种田,番茄小说
881,日曜转生（日耀转生）,章渝,3.8,历史、西幻、转生,起点读书
882,1911新中华,天使奥斯卡,3.6,悬疑、历史、穿越,微信读书
883,寇道,虫梦,3.0,武侠、历史、江湖,起点读书
884,一万种清除玩家的方法,棉衣卫,2.8,科幻、游戏、系统,微信读书
885,离天大圣,神秘男人,2.6,悬疑、玄幻、大圣,起点读书
886,大穿越时代,老老王,3.0,悬疑、穿越、历史,QQ 阅读
887,妖孽学霸,维斯特帕列,3.0,悬疑、校园、学霸,Kindle 商店
888,东汉末年枭雄志,御炎,3.2,玄幻、三国、枭雄,番茄小说
889,炼道长生,君煮,3.9,武侠、修真、长生,番茄小说
890,明朝那些事儿（全七册）,当年明月,4.5,武侠、历史、纪实,Kindle 商店
891,天外寄生,迷路的鱼,3.2,武侠、科幻、寄生,番茄小说
892,混在东瀛成大亨,老黑带刺,3.6,武侠、穿越、日本,Kindle 商店
893,狩魔猎人的异世之旅,天国的节操君,3.1,科幻、巫师、冒险,QQ 阅读
894,九流闲人,九城君,3.2,悬疑、江湖、异能,Kindle 商店
895,我还能活多久,北皇不归,4.0,玄幻、悬疑、生存,QQ 阅读
896,无限作死,虎皮猫大人,3.5,悬疑、无限流、搞笑,Kindle 商店
897,国家意志,野狼獾,4.2,武侠、军事、现实,QQ 阅读
898,大宋的智慧,孑与2,2.0,科幻、历史、宋朝,Kindle 商店
899,最强boss系统,封七月,2.6,科幻、系统、修真,Kindle 商店
900,异维度游戏,最终永恒,2.8,都市、游戏、维度,Kindle 商店
901,穷鬼的上下两千年,非玩家角色,2.3,武侠、穿越、历史,Kindle 商店
902,我欲封天,耳根,2.8,玄幻、玄幻、修仙,起点读书
903,反叛的大魔王,赵青杉,2.0,历史、奇幻、系统,微信读书
904,重生之恶徒,懵懂的猪,3.9,科幻、重生、逆袭,Kindle 商店
905,漫步在武侠世界,四咸,2.8,武侠、武侠、穿越,起点读书
906,穹顶之上,人间武库,2.6,武侠、科幻、末世,Kindle 商店
907,电影人传奇,青城无忌,3.2,科幻、影视、励志,微信读书
908,我当阴阳先生的那几年,崔走召,4.0,科幻、灵异、悬疑,微信读书
909,大小姐们请自重,叶枫,3.6,科幻、都市、言情,微信读书
910,大唐,荆柯守,3.7,玄幻、历史、玄幻,番茄小说
911,最终信仰,黑籍,3.2,科幻、科幻、信仰,Kindle 商店
912,小明修仙记,最多不过禽兽,4.2,玄幻、搞笑、修仙,起点读书
913,恶魔书,柳水心,3.6,历史、奇幻、冒险,QQ 阅读
914,神级狩魔人,隐约点,3.0,玄幻、玄幻、狩猎,起点读书
915,与婠婠同居的日子,李古丁,3.3,科幻、武侠、言情,Kindle 商店
916,仙魔变,无罪,3.5,历史、玄幻、仙侠,微信读书
917,我的美综世界,最爱向左,3.0,历史、美剧、穿越,微信读书
918,寂静王冠,风月,3.0,悬疑、奇幻、悬疑,微信读书
919,狼皇,爱吃辣鸡粉,3.6,历史、奇幻、狼族,番茄小说
920,在这个没有救世主的霍格沃茨,大海船,3.3,武侠、哈利波特、同人,QQ 阅读
921,万法无咎,巡山校尉,2.8,科幻、玄幻、法则,Kindle 商店
922,系统误我终身,逗天馨,3.9,悬疑、系统、搞笑,Kindle 商店
923,魔天记,忘语,2.9,科幻、玄幻、修仙,起点读书
924,我在东京教剑道,范马加藤惠,1.8,玄幻、日本、剑道,Kindle 商店
925,旅明,素罗汉,3.0,玄幻、历史、穿越,QQ 阅读
926,吕布的人生模拟器,会说话的胡子,2.6,玄幻、三国、模拟,QQ 阅读
927,晋末长剑,孤独麦客,2.8,历史、历史、战争,起点读书
928,1980之他来自未来,万恶的狗头,2.9,科幻、穿越、未来,起点读书
929,我的女神,周行文,3.4,科幻、都市、言情,QQ 阅读
930,鬼吹灯II,本物天下霸唱,4.6,历史、盗墓、悬疑,Kindle 商店
931,超级卡牌系统,黑乎乎的老妖,3.0,都市、系统、卡牌,起点读书
932,人渣的胁迫,萌妹和汉子,3.2,科幻、都市、悬疑,番茄小说
933,二十面骰子,索斯,3.4,都市、奇幻、骰子,番茄小说
934,无家,雪夜冰河,4.5,历史、战争、现实,Kindle 商店
935,李青的奇妙冒险,河流之汪,4.0,历史、冒险、奇幻,微信读书
936,湾区之王,磨砚少年,2.9,武侠、体育、橄榄球,番茄小说
937,一剑飞仙,流浪的蛤蟆,2.5,科幻、仙侠、飞仙,微信读书
938,仙道求索,虫豸,3.4,科幻、修仙、求索,番茄小说
939,异世邪君,风凌天下,2.6,都市、玄幻、邪君,微信读书
940,二分之一剧透,天泽时若,3.8,玄幻、悬疑、剧透,微信读书
941,天龙八部,金庸,4.5,科幻、武侠、江湖,Kindle 商店
942,无论魏晋,九州月下,3.1,玄幻、历史、穿越,微信读书
943,山河相制,我渴望力量,3.4,武侠、武侠、权谋,Kindle 商店
944,逍遥小书生,荣小荣,2.9,科幻、穿越、书生,起点读书
945,红缨记,东郊林公子,3.6,都市、历史、战争,微信读书
946,莲花宝鉴,油炸包子,3.6,武侠、玄幻、宝鉴,微信读书
947,邪恶组织注意事项,幕后老爷爷,3.0,玄幻、反派、搞笑,QQ 阅读
948,我的公公叫康熙,雁九,1.3,都市、穿越、宫廷,QQ 阅读
949,面具的肖像画,失落之节操君,4.0,玄幻、悬疑、肖像,Kindle 商店
950,同生,御井烹香,4.2,科幻、都市、情感,微信读书
951,世界树的游戏,咯嘣,3.0,历史、奇幻、养成,QQ 阅读
952,万历新明,摩碣,3.4,悬疑、历史、穿越,起点读书
953,夏日清凉记事,多木木多,4.0,武侠、年代、言情,Kindle 商店
954,没时间了快上车,我爱叉姬,3.0,历史、科幻、冒险,微信读书
955,相声大师,唐四方,3.2,悬疑、曲艺、励志,Kindle 商店
956,从杀猪开始修仙,张老西,2.9,玄幻、搞笑、修仙,Kindle 商店
957,寻秦记,黄易,4.3,玄幻、穿越、历史,起点读书
958,大争之世,月关,3.6,科幻、战国、权谋,微信读书
959,黑石密码,三脚架,2.9,历史、商业、悬疑,番茄小说
960,大数据修仙,陈风笑,1.9,玄幻、科幻、修仙,番茄小说
961,黄金渔场,全金属弹壳,3.0,历史、田园、渔业,QQ 阅读
962,帝国重器,周硕,2.4,悬疑、工业、历史,Kindle 商店
963,对冲,月影梧桐,2.6,历史、商业、金融,微信读书
964,子承父夜,仲夏baka,3.4,悬疑、悬疑、家庭,Kindle 商店
965,横行霸道,踏雪真人,3.2,玄幻、玄幻、争霸,Kindle 商店
966,文娱低手，只演弱智,我渴望力量,3.5,悬疑、娱乐、搞笑,QQ 阅读
967,天择,卷土,3.1,玄幻、玄幻、天择,QQ 阅读
968,茅山后裔,大力金刚掌,3.6,武侠、茅山、灵异,QQ 阅读
969,美利坚名利双收,白色十三号,3.4,都市、美国、娱乐,微信读书
970,我的妹妹是偶像,赵青杉,2.1,悬疑、娱乐、言情,QQ 阅读
971,红星照耀扶桑,木长青王,3.3,悬疑、历史、穿越,起点读书
972,桃花,烽火戏诸侯,3.0,悬疑、都市、言情,起点读书
973,帝霸,厌笔萧生,1.9,武侠、玄幻、无敌,番茄小说
974,游戏民国,大罗罗,2.9,悬疑、历史、游戏,Kindle 商店
975,圣王,梦入神机,2.2,悬疑、玄幻、圣王,QQ 阅读
976,老婆爱上我,傲无常,3.6,科幻、都市、言情,QQ 阅读
977,魔界的女婿,点精灵,3.5,玄幻、奇幻、女婿,QQ 阅读
978,死在火星上,天瑞说符,3.6,都市、科幻、火星,Kindle 商店
979,无限英灵神座,城之天,3.2,武侠、无限流、英灵,起点读书
980,龙套传奇,白雨涵,3.4,武侠、武侠、龙套,起点读书
981,雪鹰领主,我吃西红柿,2.8,都市、玄幻、领主,起点读书
982,执魔,我是墨水,2.8,历史、玄幻、魔修,微信读书
983,裁决,七十二编,3.0,都市、都市、裁决,Kindle 商店
984,仙路桃花传,陆双鹤,2.4,都市、仙侠、言情,微信读书
985,逆天邪神,火星引力,2.5,都市、玄幻、邪神,微信读书
986,言咒师,至爱,4.0,科幻、奇幻、言咒,微信读书
987,黑巫师朱鹏,狂翻的咸鱼2,2.4,历史、西方、巫师,Kindle 商店
988,天道图书馆,横扫天涯,1.4,历史、系统、图书馆,Kindle 商店
989,魔王神官II,肥面包,3.6,玄幻、奇幻、魔王,Kindle 商店
990,莫求仙缘,蒙面怪客,2.3,都市、仙侠、凡人流,微信读书
991,全球论剑,网络黑侠,2.9,玄幻、游戏、竞技,Kindle 商店
992,祝姑娘今天掉坑了没,我想吃肉,3.8,武侠、武侠、言情,QQ 阅读
993,我要出租自己,五陵,2.8,历史、都市、奇幻,番茄小说
994,我真的是气功大师,酒肉香,2.8,都市、都市、搞笑,Kindle 商店
995,北雄,河边草,2.8,科幻、历史、争霸,QQ 阅读
996,戏精穿进苦情剧,扶华,3.9,历史、穿越、戏精,Kindle 商店
997,满唐华彩,怪诞的表哥,2.5,历史、唐朝、穿越,番茄小说
998,诸天谍影,兴霸天,3.0,历史、无限流、谍战,Kindle 商店
999,官道无疆,瑞根,3.2,都市、官场、权谋,微信读书
1000,美利坚财富人生,羞涩的小恶魔,2.8,都市、美国、经商,Kindle 商店
1001,地球上线,莫晨欢,3.4,都市、无限流、末世,微信读书
1002,大恶魔,天风黑月,3.9,历史、奇幻、恶魔,起点读书
1003,谋断九州,冰临神下,2.6,悬疑、历史、权谋,番茄小说
1004,诸界第一因,裴屠狗,2.6,都市、玄幻、因果,起点读书
1005,魔道祖师,墨香铜臭,2.3,悬疑、耽美、仙侠,Kindle 商店
1006,九星毒奶,育,2.5,悬疑、玄幻、毒奶,微信读书
1007,战起1938,疯丢子,4.0,武侠、二战、穿越,起点读书
1008,我要做门阀,要离刺荆轲,2.5,科幻、历史、门阀,微信读书
1009,邪风曲,血红,3.5,武侠、仙侠、邪道,微信读书
1010,命运的抉择,黑色柳丁,3.8,历史、历史、抉择,QQ 阅读
1011,妄心,被ko格斗家元元,3.2,历史、都市、情感,微信读书
1012,龙族（1-4合集）,江南,3.5,玄幻、奇幻、青春,微信读书
1013,不聊斋,陈留堂,2.9,科幻、灵异、志异,微信读书
1014,交锋,可大可小,3.4,悬疑、商战、悬疑,微信读书
1015,唐残,猫疲,3.1,科幻、唐朝、穿越,起点读书
1016,法爷永远是你大爷,翔炎,2.3,悬疑、西方、魔法,微信读书
1017,模拟：从奇葩动物开始,长桥尽头,3.4,都市、系统、模拟,Kindle 商店
1018,大家请我当皇帝,四代重奸,3.2,玄幻、穿越、帝王,Kindle 商店
1019,龙骑战机,华表,3.4,科幻、科幻、机甲,番茄小说
1020,二次元黄毛系统,哆啦i梦,3.0,武侠、系统、二次元,Kindle 商店
1021,星河大帝,梦入神机,2.5,玄幻、科幻、大帝,QQ 阅读
1022,重生之宅男完美生活,八爪章鱼,2.4,都市、都市、重生,起点读书
1023,醉枕江山,月关,3.0,科幻、唐朝、权谋,QQ 阅读
1024,湛蓝徽章,Deathstate,3.5,玄幻、奇幻、徽章,Kindle 商店
1025,虫屋,金柜角,3.2,历史、灵异、虫怪,Kindle 商店
1026,最佳特摄时代,粉笔白,3.2,都市、特摄、娱乐,起点读书
1027,武侠世界自由行,大江入海,2.4,武侠、武侠、穿越,Kindle 商店
1028,我的魔法时代,海逸小猪,2.5,武侠、西方、魔法,番茄小说
1029,宗教裁判所,八部浮屠,4.1,科幻、西方、裁判所,番茄小说
1030,火影之传说,kid1412,3.3,玄幻、火影、同人,QQ 阅读
1031,遗忘国度之神秘徽章,貌似高手,4.2,都市、奇幻、冒险,QQ 阅读
1032,重生之财源滚滚,老鹰吃小鸡,2.7,悬疑、重生、经商,番茄小说
1033,聊斋求道,煮水饺,2.8,悬疑、灵异、求道,番茄小说
1034,巫颂,血红,3.6,科幻、仙侠、巫道,起点读书
1035,大道纪,裴屠狗,2.8,都市、玄幻、大道,番茄小说
1036,?挽明,富春山居,2.9,玄幻、明末、穿越,Kindle 商店
1037,我成了过气武林神话,五方行尽,2.7,玄幻、武侠、搞笑,番茄小说
1038,我被丧尸咬了,寒夜孤灯一手撸,2.4,科幻、末世、丧尸,Kindle 商店
1039,我是大玩家,会说话的肘子,2.0,历史、都市、系统,番茄小说
1040,银河霸主饲养手记,月面,2.6,科幻、科幻、饲养,番茄小说
1041,从斩妖除魔开始长生不死,陆月十九,2.7,悬疑、灵异、长生,起点读书
1042,盖世双谐,三天两觉,2.8,科幻、搞笑、系统,微信读书
1043,我在东京创造都市传说,役满,3.0,都市、日本、灵异,微信读书
1044,光荣之路,贺兰才人,3.9,武侠、西方、战争,起点读书
1045,末日在线,朴零,3.6,科幻、末世、在线,Kindle 商店
1046,小镇青年在美国,秽多非人,2.4,都市、美国、励志,Kindle 商店
1047,大明之五好青年,木允锋,3.7,都市、明朝、穿越,微信读书
1048,超凡双生,寿限无,2.5,悬疑、都市、异能,QQ 阅读
1049,兴汉室,武陵年少时,3.1,科幻、三国、复兴,Kindle 商店
1050,魏野仙踪,盗泉子,3.1,科幻、仙侠、野史,微信读书
1051,我的女友是仙子,先飞看刀,3.5,玄幻、仙侠、言情,起点读书
1052,大明武夫,特别白,3.1,历史、明朝、武夫,微信读书
1053,基建从游戏开始,雾入,3.5,武侠、系统、基建,番茄小说
1054,傲世九重天,风凌天下,2.5,历史、玄幻、九重天,微信读书
1055,重生之文华,风吹陌梁,2.9,都市、重生、文化,QQ 阅读
1056,拼搏年代,白色十三号,3.4,科幻、年代、创业,番茄小说
1057,橙红年代,骁骑校,2.7,玄幻、都市、现实,微信读书
1058,魔改文明,梦若云,3.4,玄幻、科幻、魔改,微信读书
1059,然后我成为了猎人,黑巴洛克,3.1,武侠、奇幻、猎人,番茄小说
1060,法师三定律,笑狮拔剑,4.0,悬疑、奇幻、法师,番茄小说
1061,战国福星大事记,冬天里的熊,4.0,玄幻、战国、福星,Kindle 商店
1062,流氓高手II,无罪,4.2,悬疑、游戏、竞技,Kindle 商店
1063,旧神残梦,恒星仪,3.3,科幻、奇幻、旧神,QQ 阅读
1064,我开动物园那些年,拉棉花糖的兔子,3.9,科幻、都市、萌宠,QQ 阅读
1065,重生支配者,历史里吹吹风,2.5,历史、重生、支配,Kindle 商店
1066,我真没想当救世主啊,火中物,2.5,悬疑、科幻、救世,番茄小说
1067,光怪陆离侦探社,吾即正道,3.1,历史、灵异、侦探,微信读书
1068,封档千年我最弱的小弟都成了魔王,七重身,2.9,悬疑、玄幻、封档,微信读书
1069,1949我来自未来,堂皇的荒唐,3.0,科幻、历史、未来,Kindle 商店
1070,铁鹤书,永恒的夏亚,3.8,武侠、武侠、悬疑,番茄小说
1071,超级电力强国,给您添蘑菇啦,3.3,历史、工业、电力,番茄小说
1072,我是虚拟现实游戏公司总裁,恶魔钢笔,2.4,玄幻、科技、总裁,微信读书
1073,回到明朝当暴君,天煌贵胄,2.9,历史、明朝、穿越,番茄小说
1074,高衙内新传,斩空,3.1,历史、水浒、同人,起点读书
1075,从解除人体限制开始,丧尸舞,2.9,悬疑、科幻、异能,起点读书
1076,间桐慎二之我还能活多久,暗角,3.1,都市、火影、同人,Kindle 商店
1077,生化之末世传说,量子永生,3.5,历史、末世、生化,Kindle 商店
1078,摄政大明,虫豸,3.0,悬疑、明朝、摄政,QQ 阅读
1079,儒道之天下霸主,先飞看刀,3.2,都市、儒道、争霸,起点读书
1080,重生的我没有格局,鲸鱼禅师,3.0,悬疑、重生、搞笑,起点读书
1081,机动风暴,骷髅精灵,3.4,都市、科幻、机甲,起点读书
1082,莽穿新世界,楚白,2.6,科幻、穿越、冒险,起点读书
1083,花开美利坚,叫我神灵大人,3.2,都市、美国、穿越,番茄小说
1084,我的女神是只猫,初恋璀璨如夏花,3.5,悬疑、都市、奇幻,番茄小说
1085,影帝的诸天轮回,惠鹏鹏,2.9,武侠、无限流、影帝,番茄小说
1086,重生从咸鱼赢起,打不死的小萧,2.8,都市、重生、咸鱼,起点读书
1087,论抽卡，我从来没输过,暮寒公子,3.6,历史、系统、抽卡,微信读书
1088,东京绅士物语,黑暗风,2.6,玄幻、日本、绅士,QQ 阅读
1089,红楼之挽天倾,林悦南兮,2.5,历史、红楼、权谋,QQ 阅读
1090,明朝败家子,上山打老虎额,2.2,武侠、明朝、搞笑,QQ 阅读
1091,我的超能力每周刷新,一片雪饼,2.7,玄幻、都市、异能,起点读书
1092,从选秀回锅肉开始,扑街预定,2.8,历史、娱乐、选秀,Kindle 商店
1093,奇洛李维斯回信,清明谷雨,1.8,武侠、都市、言情,QQ 阅读
1094,游戏开发指南,我爱厨房,2.7,玄幻、系统、开发,QQ 阅读
1095,万族之劫,老鹰吃小鸡,2.2,科幻、玄幻、万族,QQ 阅读
1096,我不是文豪,野亮,2.1,科幻、都市、现实,Kindle 商店
1097,漫威世界的术士,火之高兴,2.4,科幻、漫威、术士,微信读书
1098,每个世界苏一遍,甄栗子,3.7,武侠、快穿、苏爽,番茄小说
1099,常舒欣,危险拍档,3.6,都市、警匪、悬疑,起点读书
1100,盛世巨星,王梓钧,3.5,玄幻、娱乐、巨星,QQ 阅读
1101,我是一把魔剑,无忧的舞曲,3.2,武侠、奇幻、魔剑,Kindle 商店
1102,娱乐掌控者,威武武威,2.8,玄幻、娱乐、系统,QQ 阅读
1103,天下节度,克里斯韦伯,2.6,悬疑、历史、节度,微信读书
1104,我真是个富二代,中秋月明,1.9,科幻、都市、现实,番茄小说
1105,狼人狩猎法则,毫端生云,3.3,都市、奇幻、狼人,番茄小说
1106,他和她们的群星,流血的星辰a,2.9,玄幻、科幻、群星,番茄小说
1107,民国之燕燕,多木木多,2.7,悬疑、民国、言情,起点读书
1108,原血神座,缘分0,2.4,悬疑、玄幻、神座,起点读书
1109,万历明君,鹤招,3.2,玄幻、明朝、穿越,微信读书
1110,诸天之掌控天庭,李古丁,2.8,武侠、神话、穿越,番茄小说
1111,我夺舍了魔皇,八月飞鹰,2.8,玄幻、玄幻、夺舍,起点读书
1112,赛博时代的魔女,小夕岁,3.0,历史、赛博、魔女,微信读书
1113,奸雄天下,大罗罗,3.0,玄幻、历史、奸雄,番茄小说
1114,重生西游,宅猪,3.8,悬疑、西游、重生,Kindle 商店
1115,我的美利坚,青山铁杉,3.5,科幻、美国、穿越,QQ 阅读
1116,妖怪公寓,蓝晶,2.8,悬疑、灵异、公寓,起点读书
1117,我身体里有只鬼,令狐BEYOND,3.8,科幻、灵异、悬疑,QQ 阅读
1118,我，改编了世界,天风黑月,2.8,玄幻、玄幻、改编,微信读书
1119,召唤万岁,霞飞双颊,3.3,历史、玄幻、召唤,QQ 阅读
1120,1851之远东风云,纳尔逊勋爵,3.0,玄幻、历史、战争,Kindle 商店
1121,常舒欣,第三重人格,3.5,历史、悬疑、人格,番茄小说
1122,求索,习惯呕吐,4.2,悬疑、历史、求索,微信读书
1123,影帝他妹三岁半,江月年年,4.1,历史、娱乐、萌娃,Kindle 商店
1124,动漫之王的养成方法,朱之月,2.9,悬疑、娱乐、动漫,QQ 阅读
1125,颜值就是正义,小时光恋曲,3.0,悬疑、都市、颜值,QQ 阅读
1126,斗神武装,夜咏星,3.5,历史、玄幻、武装,Kindle 商店
1127,异数定理,吾道长不孤,3.5,科幻、科幻、定理,Kindle 商店
1128,修真-师姐的剑,吃书虫子,3.5,玄幻、仙侠、师姐,QQ 阅读
1129,我不想和你一起重生,飞鸟印,3.5,科幻、重生、言情,QQ 阅读
1130,无限之高端玩家,幻疾风01,3.1,悬疑、无限流、玩家,微信读书
1131,超级怪兽工厂,匣中藏剑,2.5,武侠、科幻、怪兽,番茄小说
1132,漫游在影视世界,不是马里奥,2.5,悬疑、影视、穿越,起点读书
1133,舵爷,端午正阳,3.5,科幻、民国、江湖,起点读书
1134,南北杂货,报纸糊墙,3.6,玄幻、年代、杂货,番茄小说
1135,打工先知,小呆昭,2.6,玄幻、都市、先知,微信读书
1136,我的细胞监狱,穿黄衣的阿肥,2.3,悬疑、科幻、监狱,微信读书
1137,问道章,文抄公,2.9,玄幻、玄幻、问道,番茄小说
1138,跨界闲品店,给您添蘑菇啦,2.8,历史、都市、跨界,微信读书
1139,类神,沁纸花青,2.6,玄幻、玄幻、类神,番茄小说
1140,明日传奇,兔来割草,2.8,都市、都市、传奇,QQ 阅读
1141,中医许阳,唐甲甲,3.0,武侠、中医、都市,QQ 阅读
1142,恶魔就在身边,汉宝,2.4,都市、都市、恶魔,微信读书
1143,旧日篇章,虚鸣,3.0,玄幻、克苏鲁、旧日,QQ 阅读
1144,极拳暴君,夜与雪,2.9,武侠、国术、暴君,Kindle 商店
1145,诡秘武林：侠客挥犀录,入潼关,2.8,悬疑、武侠、诡秘,起点读书
1146,时尚大撕,御井烹香,3.5,玄幻、时尚、言情,番茄小说
1147,我的时空旅舍,金色茉莉花,2.6,悬疑、时空、旅舍,起点读书
1148,霍格沃茨之血脉巫师,纯洁小天使,3.1,武侠、哈利波特、血脉,番茄小说
1149,绳师,缚心人,4.2,科幻、都市、情感,微信读书
1150,穿越者穿越了穿越者,猫疲,3.0,武侠、穿越、循环,番茄小说
1151,大剑游侠阿豹,勇敢的号角,3.8,科幻、奇幻、游侠,Kindle 商店
1152,即鹿,赵子曰,3.2,科幻、都市、情感,QQ 阅读
1153,死而替生,听日,2.6,悬疑、悬疑、替生,微信读书
1154,第一战场指挥官！,退戈,3.8,科幻、科幻、指挥,番茄小说
1155,死神逃学日记,不可沽名学霸王,3.5,悬疑、奇幻、死神,番茄小说
1156,黑巫师和异端裁判者,康伯特,3.0,玄幻、西方、巫师,Kindle 商店
1157,仙路至尊,睡秋,2.6,武侠、仙侠、至尊,番茄小说
1158,偷天,血红,3.2,都市、都市、异能,起点读书
1159,白银之轮,悲剧山伯爵,2.6,悬疑、奇幻、银轮,Kindle 商店
1160,无敌幸运星,开玩笑,3.9,历史、都市、幸运,微信读书
1161,女难之相的端木同学,仲夏夜之梦,3.5,都市、都市、校园,微信读书
1162,九州·缥缈录,江南,4.2,悬疑、奇幻、九州,Kindle 商店
1163,最初进化,卷土,2.5,都市、无限流、进化,番茄小说
1164,谁让他修仙的！,最白的乌鸦,2.4,玄幻、玄幻、修仙,微信读书
1165,幻之盛唐,猫疲,3.2,历史、唐朝、奇幻,起点读书
1166,我当上帝那些事儿,碧露星河,3.0,悬疑、科幻、上帝,QQ 阅读
1167,靖明,冬三十娘,2.9,玄幻、历史、靖明,番茄小说
1168,初唐房二传,晴了,3.3,历史、唐朝、房二,起点读书
1169,未曾设想的道路,瑞虎,3.5,科幻、历史、架空,Kindle 商店
1170,地狱电影院,黑色火种,2.5,科幻、无限流、地狱,微信读书
1171,天朝笑林拾遗,夔鼓.QD,4.3,都市、都市、搞笑,Kindle 商店
1172,锦医卫,猫跳,3.5,武侠、明朝、医卫,起点读书
1173,全职法师,乱,2.2,玄幻、玄幻、法师,Kindle 商店
1174,材料帝国,齐橙,3.0,科幻、工业、材料,起点读书
1175,末日之划水大师,幻疾风01,3.5,玄幻、末世、划水,起点读书
1176,她的名字叫玛丽方,溪山债,4.0,武侠、都市、女性,番茄小说
1177,月落,海龟,4.1,武侠、武侠、言情,番茄小说
1178,我在斩妖司除魔三十年,贰更,2.2,武侠、灵异、斩妖,微信读书
1179,逆行万年,章渝,2.5,都市、科幻、逆行,微信读书
1180,从魔修开始,竹杓小山,2.6,都市、玄幻、魔修,起点读书
1181,远东王庭,程剑心,2.9,历史、历史、王庭,番茄小说
1182,帝国之主,奥丁信使,3.5,玄幻、玄幻、帝国,QQ 阅读
1183,无限世界旅行者,东坡肘子48,2.5,科幻、无限流、旅行,微信读书
1184,大明望族,雁九,2.8,历史、明朝、家族,Kindle 商店
1185,官商,更俗,4.2,玄幻、官场、商业,番茄小说
1186,异域降生,极冷,3.1,科幻、科幻、异域,番茄小说
1187,六朝云龙吟前传,弄玉&紫狂,4.0,都市、历史、前传,起点读书
1188,不死的我只好假扮血族,屠鸽者,2.6,悬疑、奇幻、血族,QQ 阅读
1189,从先天功开始纵横诸天,哆啦i梦,2.5,历史、武侠、诸天,QQ 阅读
1190,生活系男神,起酥面包,2.1,都市、都市、生活,QQ 阅读
1191,气吞寰宇,荆柯守,3.5,历史、玄幻、气吞,QQ 阅读
1192,敛财人生[综].,林木儿,2.8,都市、综漫、敛财,番茄小说
1193,剑灵同居日记,国王陛下,2.7,历史、奇幻、剑灵,微信读书
1194,我家客厅有个副本,宝月流光,2.8,科幻、都市、副本,QQ 阅读
1195,战国之上杉姐的家臣,康布罗纳,3.5,悬疑、日本、战国,番茄小说
1196,无限英灵,夜咏星,3.4,悬疑、无限流、英灵,Kindle 商店
1197,朝阳警事,卓牧闲,2.8,武侠、都市、警事,Kindle 商店
1198,文娱大戏精,何忙忙,2.8,玄幻、娱乐、戏精,QQ 阅读
1199,末世收割者,半只青蛙,3.3,历史、末世、收割,微信读书
1200,木下之影,太仆寺卿,3.4,武侠、日本、悬疑,Kindle 商店
1201,大道独行,雾外江山,2.9,悬疑、玄幻、悬疑,QQ 阅读
1202,海贼盖伦,河流之汪,3.1,悬疑、奇幻、冒险,番茄小说
1203,千山独行,接卡口,2.6,历史、历史、武侠,QQ 阅读
1204,我不可能是剑神,裴不了,2.5,历史、武侠、搞笑,微信读书
1205,超凡贵族,长戟大兜2,2.1,历史、历史、奇幻,起点读书
1206,小明星演义,二楼的元素,2.7,悬疑、娱乐、悬疑,QQ 阅读
1207,环城术士,黑袍雷斯林,2.5,都市、都市、奇幻,QQ 阅读
1208,最强重生系统,初恋璀璨如夏花,3.5,都市、系统、重生,番茄小说
1209,烂片之王,何未满,2.6,历史、娱乐、搞笑,微信读书
1210,手术直播间,真熊初墨,2.3,玄幻、医学、都市,起点读书
1211,成为了道医之后,忽悠啊,2.2,悬疑、灵异、悬疑,QQ 阅读
1212,匹夫的逆袭,骁骑校,2.6,玄幻、都市、逆袭,番茄小说
1213,汉兴,硕鼠就是我,3.5,历史、历史、争霸,Kindle 商店
1214,天道今天不上班,魔性沧月,2.4,历史、玄幻、搞笑,微信读书
1215,升龙道,血红,3.8,历史、仙侠、都市,番茄小说
1216,沧海,凤歌,3.6,悬疑、武侠、江湖,起点读书
1217,长生不死，我以武道证人仙,雪风大明尊,2.6,科幻、武侠、修仙,起点读书
1218,最终救赎,诸生浮屠,3.1,科幻、科幻、末世,微信读书
1219,天才基本法,长洱,3.9,历史、校园、励志,Kindle 商店
1220,穿越时空的蝴蝶,老老王,3.2,玄幻、历史、穿越,起点读书
1221,底牌,阿梅,4.2,悬疑、悬疑、推理,微信读书
1222,诡秘：悖论途径,翟南,3.0,科幻、科幻、悬疑,Kindle 商店
1223,隐入华年1993,火中取例,3.0,都市、都市、年代,番茄小说
1224,学霸的星辰大海,眉语目笑,3.2,都市、校园、科幻,Kindle 商店
1225,末世：我的关键词比别人多一个,棉衣卫,2.9,武侠、末世、异能,起点读书
1226,寸芒,我吃西红柿,3.3,武侠、仙侠、修真,微信读书
1227,文娱缔造者,别人家的小猫咪,2.5,科幻、娱乐、系统,番茄小说
1228,星界蟑螂,千里送一血,3.5,都市、科幻、星际,微信读书
1229,复兴之路,wanglong,4.0,武侠、历史、励志,起点读书
1230,末世法师,滚开,3.0,玄幻、末世、玄幻,起点读书
1231,女帝直播攻略,油爆香菇,3.2,科幻、穿越、直播,微信读书
1232,真君请息怒,张老西,2.9,武侠、仙侠、搞笑,Kindle 商店
1233,材料为王,急冻人,3.7,都市、都市、科技,Kindle 商店
1234,真气时代,造化斋主,2.9,悬疑、玄幻、修真,Kindle 商店
1235,SC之彼岸花,无罪,3.9,科幻、科幻、游戏,QQ 阅读
1236,冤种玩家的人生模拟器,央墨,3.4,玄幻、系统、模拟,起点读书
1237,暗夜游侠,深蓝椰子汁,2.8,都市、都市、奇幻,起点读书
1238,人生副本游戏,我爱小依,2.8,武侠、系统、冒险,起点读书
1239,重生潜入梦,第十个名字,2.2,科幻、重生、悬疑,番茄小说
1240,余下的，只有噪音,沉默的爱,3.5,玄幻、都市、情感,QQ 阅读
1241,微*******城,顾漫,3.9,玄幻、都市、言情,微信读书
1242,校花的贴身高手,鱼人二代,1.9,玄幻、都市、异能,微信读书
1243,冠绝新汉朝,战袍染血,2.8,玄幻、历史、争霸,QQ 阅读
1244,没钱上大学的我只能去屠龙了,宇宙无敌水哥,2.5,科幻、奇幻、冒险,番茄小说
1245,舌尖上的霍格沃茨,幽萌之羽,1.8,历史、奇幻、同人,QQ 阅读
1246,美漫修仙实录,黑灯夏火,2.7,玄幻、美漫、修仙,Kindle 商店
1247,回到21世纪,kl3300,3.9,武侠、穿越、都市,QQ 阅读
1248,蛮荒记,树下野狐,4.2,科幻、玄幻、神话,起点读书
1249,大汉帝国风云录,猛子,3.6,武侠、历史、战争,微信读书
1250,逍遥军医,中秋月明,3.1,都市、都市、医学,番茄小说
1251,武侠世界大拯救,殊彦,2.6,武侠、武侠、系统,微信读书
1252,篮坛教皇,兔来割草,3.4,武侠、体育、篮球,微信读书
1253,诡秘：从阅读者开始,名火速返,2.8,悬疑、悬疑、奇幻,QQ 阅读
1254,电子生涯,范含,4.2,玄幻、科技、都市,微信读书
1255,七十年代学霸,湖涂,3.5,都市、年代、校园,Kindle 商店
1256,深海之龙,接卡口,3.3,武侠、奇幻、冒险,番茄小说
1257,我才不要恋爱游戏,尺间萤火,3.2,都市、都市、恋爱,微信读书
1258,网游之学习雷锋好榜样,师傅,4.4,历史、游戏、正能量,QQ 阅读
1259,圣光,通吃道人.QD,2.9,武侠、玄幻、西幻,番茄小说
1260,五行缺鸡[综话本],黏糖,3.7,科幻、综漫、搞笑,起点读书
1261,深空彼岸,辰东,2.5,悬疑、玄幻、星际,番茄小说
1262,人道至尊,宅猪,3.2,都市、玄幻、争霸,番茄小说
1263,骑砍风云录,鲜花和辣椒,3.3,玄幻、历史、游戏,QQ 阅读
1264,长风,紫钗恨,3.8,玄幻、玄幻、言情,番茄小说
1265,太阳的距离,黑曜圣石,4.0,科幻、科幻、星际,番茄小说
1266,佣兵的战争,如水意,3.4,悬疑、军事、冒险,QQ 阅读
1267,战国明月,七月新番,2.6,悬疑、历史、战国,Kindle 商店
1268,每天都离现形更近一步,陈词懒调,3.0,科幻、都市、奇幻,番茄小说
1269,无限流的元宇宙,浮肿,2.2,科幻、无限流、科幻,番茄小说
1270,有匪,priest,4.2,科幻、武侠、江湖,Kindle 商店
1271,山沟皇帝,雨天下雨,2.8,科幻、历史、穿越,番茄小说
1272,殖装,铅笔刀,3.1,科幻、科幻、机甲,QQ 阅读
1273,天才相师,打眼,3.1,悬疑、都市、玄学,起点读书
1274,香港往事,沧海煮成酒,3.5,悬疑、都市、怀旧,起点读书
1275,重生之女神养成计划,维斯特帕列,3.5,历史、娱乐、重生,起点读书
1276,征服天国之曙光时代,实心熊,2.3,都市、历史、战争,番茄小说
1277,主神挂了,李古丁,2.9,悬疑、无限流、搞笑,番茄小说
1278,伯符的恐怖故事集0,接卡口,4.1,悬疑、灵异、悬疑,QQ 阅读
1279,布莱肯林场,塔维河的渔夫,2.8,玄幻、灵异、冒险,Kindle 商店
1280,天外重生者,老黑怪,3.1,科幻、科幻、重生,起点读书
1281,大周仙吏,荣小荣,2.8,都市、仙侠、官场,微信读书
1282,武侠江湖大冒险,夜雨飘灯,2.4,武侠、武侠、冒险,QQ 阅读
1283,法师故事,索斯,4.0,悬疑、奇幻、魔法,Kindle 商店
1284,百炼成仙,幻雨,2.8,玄幻、仙侠、修真,QQ 阅读
1285,水银之血,不祈十弦,2.8,武侠、武侠、悬疑,起点读书
1286,重启高一,白雨涵,3.0,科幻、校园、重生,番茄小说
1287,人在港综，你管这叫卧底？,不吃葱花,3.0,悬疑、港综、悬疑,番茄小说
1288,双剑,虾写,3.8,武侠、武侠、江湖,QQ 阅读
1289,秦歌一曲,老实人12,2.9,悬疑、历史、言情,微信读书
1290,情与血,兰帝魅晨,3.4,武侠、武侠、恩怨,Kindle 商店
1291,人间无数雨打去,鹿门客,4.2,武侠、武侠、情感,番茄小说
1292,农家小福女,郁雨竹,3.9,科幻、年代、种田,番茄小说
1293,电视剧世界,五方行尽,3.0,悬疑、影视、穿越,Kindle 商店
1294,银色猎手,无边风月,3.6,玄幻、玄幻、冒险,微信读书
1295,天下,高月,3.4,历史、历史、争霸,微信读书
1296,迷失大陆,读书之人,4.1,武侠、武侠、冒险,起点读书
1297,我真不是神仙,刀一耕,2.4,玄幻、仙侠、搞笑,QQ 阅读
1298,医路坦途,臧福生,3.1,武侠、医学、都市,QQ 阅读
1299,龙虎道主,我是瞎混的,2.8,历史、灵异、道学,微信读书
1300,海贼之黑旗商会,六十刹那,3.7,历史、海贼、经商,起点读书
1301,斗铠,老猪,1.9,科幻、科幻、机甲,Kindle 商店
1302,濒危修仙门派考察报告,从零开始099,3.0,玄幻、仙侠、搞笑,起点读书
1303,读书成圣,苏牧武,2.6,都市、都市、玄幻,Kindle 商店
1304,悲惨世界,不死人,2.6,都市、都市、现实,Kindle 商店
1305,求生在动物世界[快穿],撸猫客,3.9,都市、快穿、冒险,微信读书
1306,重生女学霸,迷失之途,3.7,都市、校园、重生,微信读书
1307,重生电子帝国,麻辣斯基,3.2,悬疑、科技、重生,番茄小说
1308,我说了我会时光倒流,熊狼狗,2.9,武侠、都市、异能,Kindle 商店
1309,道长去哪了,八宝饭,2.8,玄幻、灵异、搞笑,微信读书
1310,球在脚下,dleer,3.4,悬疑、体育、足球,QQ 阅读
1311,日在火影,某胖,3.3,玄幻、动漫、同人,起点读书
1312,全能炼金师,缘分0,3.5,悬疑、奇幻、炼金,番茄小说
1313,位面征服者,野山黑猪,2.5,悬疑、无限流、征服,番茄小说
1314,亡清,富春山居,3.3,玄幻、历史、穿越,番茄小说
1315,魔王,月下桑,3.8,玄幻、奇幻、养成,起点读书
1316,我的前世模拟器,红颜三千,2.6,都市、系统、模拟,Kindle 商店
1317,古龙世界里的吃瓜剑客,西瓜吃葡萄,2.8,武侠、武侠、同人,QQ 阅读
1318,我的玩家都是演技派,青衫取醉,2.9,武侠、游戏、搞笑,番茄小说
1319,明末不求生,宇文郡主,3.2,科幻、历史、穿越,QQ 阅读
1320,众仆之仆,九鱼,3.1,悬疑、奇幻、冒险,微信读书
1321,朱门风流,府天,3.5,武侠、历史、宅斗,番茄小说
1322,一剑斩破九重天,流浪的蛤蟆,2.5,悬疑、仙侠、热血,微信读书
1323,我的黄毛app,上衫夏乡,3.0,玄幻、都市、异能,起点读书
1324,身为法师的我只想追求真理,乌鸦一号,2.6,都市、奇幻、法师,Kindle 商店
1325,超级探险直播,宇文长弓,3.0,悬疑、冒险、直播,QQ 阅读
1326,夜天子,月关,2.0,都市、历史、权谋,起点读书
1327,电影大师,机器人瓦力,2.3,科幻、娱乐、励志,QQ 阅读
1328,罗浮,无罪,3.5,都市、仙侠、修真,微信读书
1329,重生世纪之交,草木久久,2.0,悬疑、年代、重生,微信读书
1330,资本论,卡尔·马克思,4.8,悬疑、哲学、经典,番茄小说
1331,黄昏分界,黑山老鬼,2.9,悬疑、灵异、悬疑,微信读书
1332,废土西游,海带酒,4.0,都市、末世、西游,微信读书
1333,天王，天兄，奥古斯都,顾闻行,3.8,历史、历史、西方,Kindle 商店
1334,从柯南开始重新做人,李四羊,3.0,玄幻、推理、同人,起点读书
1335,大唐行镖,金寻者,4.0,都市、武侠、江湖,番茄小说
1336,每天都在征服情敌,乘月返真,3.6,悬疑、都市、恋爱,Kindle 商店
1337,仙傲,雾外江山,3.0,悬疑、仙侠、争霸,Kindle 商店
1338,时空棋局,竹上猪猪,2.5,科幻、科幻、时空,起点读书
1339,在座都是我小号,卡列颠尼亚,3.0,玄幻、玄幻、系统,起点读书
1340,盗香,走过青春岁月,3.2,武侠、武侠、冒险,Kindle 商店
1341,韩娱之影帝,榴弹怕水,3.1,科幻、娱乐、韩国,起点读书
1342,长风万里尽汉歌,汉风雄烈,3.1,科幻、历史、战争,QQ 阅读
1343,迷失在白垩纪,林中之马的魔王,2.8,玄幻、科幻、冒险,番茄小说
1344,香色倾城,常书欣,4.0,历史、都市、言情,番茄小说
1345,重生之2006,雨去欲续,2.8,玄幻、年代、重生,微信读书
1346,星媒舵手,脑袋空空如也,3.5,悬疑、娱乐、职场,起点读书
1347,在不正常的地球开餐厅的日子,一吨大苹果,2.7,玄幻、都市、奇幻,微信读书
1348,在美漫当心灵导师的日子,遇牧烧绳,2.6,武侠、美漫、异能,微信读书
1349,恐怖女王[快穿],三分流火,3.3,悬疑、快穿、恐怖,番茄小说
1350,方外：消失的八门,徐公子胜治,3.5,历史、灵异、江湖,番茄小说
1351,本港风情画,凋零树,3.0,历史、都市、怀旧,Kindle 商店
1352,数据眼,战袍染血,3.0,历史、都市、异能,番茄小说
1353,辛亥大英雄,河马散人,3.1,都市、历史、战争,Kindle 商店
1354,扼元,蟹的心,3.2,悬疑、历史、权谋,微信读书
1355,曹贼,庚新,3.1,都市、历史、三国,QQ 阅读
1356,主神的猥琐继承人,半只青蛙,2.6,武侠、无限流、搞笑,番茄小说
1357,我是杀毒软件,懒鸟,2.6,科幻、科幻、系统,微信读书
1358,续南明,老白牛,3.0,科幻、历史、穿越,微信读书
1359,七界传说,心梦无痕,3.2,科幻、仙侠、玄幻,起点读书
1360,七日狂鲨,游少游S,4.4,科幻、灾难、冒险,起点读书
1361,残阳帝国,野狼獾,2.4,历史、军事、末世,起点读书
1362,御煞,寻春续昼,2.5,历史、灵异、悬疑,起点读书
1363,匈奴皇帝,芈黍离,1.6,玄幻、历史、争霸,Kindle 商店
1364,地中海霸主,月影梧桐,2.4,悬疑、历史、战争,QQ 阅读
1365,死灵法师,读书之人,4.3,玄幻、奇幻、亡灵,QQ 阅读
1366,我的26岁女房客,超级大坦克科比,3.0,武侠、都市、言情,番茄小说
1367,龙脉君王,北地的极光,3.0,悬疑、玄幻、风水,Kindle 商店
1368,真髓,魔力的真髓,4.1,武侠、武侠、江湖,微信读书
1369,时空之头号玩家,风上忍,2.5,悬疑、科幻、游戏,番茄小说
1370,法师路,七重地狱九重殿,3.5,玄幻、奇幻、魔法,Kindle 商店
1371,女侠且慢,关关公子,2.9,科幻、武侠、言情,起点读书
1372,天王,跳舞,3.5,都市、都市、异能,番茄小说
1373,苟在忍者世界,kid小子,2.4,玄幻、动漫、同人,番茄小说
1374,最终神职,拓跋狗蛋,2.6,武侠、奇幻、冒险,QQ 阅读
1375,黄庭,亲吻指尖,3.9,科幻、仙侠、修真,微信读书
1376,武侠世界大穿越,我叫排云掌,2.5,武侠、武侠、穿越,QQ 阅读
1377,随清风去,大明狂士,3.0,科幻、历史、穿越,番茄小说
1378,编程之战,程序小猿,4.0,科幻、科技、竞技,微信读书
1379,戈地图在1985,佚名作者,4.4,武侠、年代、励志,微信读书
1380,网游之独步武侠,勇敢的号角,3.4,武侠、游戏、武侠,起点读书
1381,黑风老妖,和气生财,3.5,玄幻、仙侠、妖怪,QQ 阅读
1382,都市美女狩猎者,冬天里的熊,3.8,都市、都市、言情,Kindle 商店
1383,财色无边,我杀破狼,3.3,科幻、都市、经商,起点读书
1384,宠物小精灵之庭树,轻泉流响,3.4,科幻、动漫、养成,QQ 阅读
1385,大主宰,天蚕土豆,2.2,玄幻、玄幻、升级,起点读书
1386,我就是巫妖,红高达,3.9,历史、奇幻、巫妖,QQ 阅读
1387,最后一个使徒,卷土,2.4,武侠、无限流、冒险,QQ 阅读
1388,电影世界穿梭门,龙升云霄,1.5,历史、影视、穿越,微信读书
1389,红星兔的末日复兴日记,宅骑士,3.7,科幻、末世、励志,QQ 阅读
1390,冰火魔厨,唐家三少,2.8,武侠、玄幻、美食,微信读书
1391,无限之绝对疯狂,死亡丧歌,3.2,都市、无限流、惊悚,起点读书
1392,萌娘三国演义,三十二变,3.3,武侠、动漫、同人,起点读书
1393,侠行天下,zhttty,2.1,都市、武侠、系统,番茄小说
1394,网游之武林霸图,虾写,3.8,历史、游戏、武侠,Kindle 商店
1395,儒雅随和的我不是魔头,李古丁,2.8,科幻、玄幻、搞笑,Kindle 商店
1396,1640四海扬帆,人生一场康波,2.9,玄幻、历史、航海,微信读书
1397,玄界之门,忘语,2.4,玄幻、仙侠、修真,番茄小说
1398,我的苏联,青山白松,3.6,玄幻、历史、穿越,Kindle 商店
1399,武侠：开局奖励满级神功,落魄的小纯洁,2.3,武侠、武侠、系统,起点读书
1400,重铸未来,养猫的黑背,1.3,科幻、科幻、未来,番茄小说
1401,没有来生,月下桑,4.2,科幻、科幻、伦理,起点读书
1402,我，旧日支配者,一碗杜康,2.9,玄幻、克苏鲁、玄幻,QQ 阅读
1403,从1935到2020,半只青蛙,2.6,都市、历史、穿越,QQ 阅读
1404,网游之纵横天下,失落叶,3.5,武侠、游戏、竞技,QQ 阅读
1405,慢慢仙途,绝世小白,3.8,都市、仙侠、言情,番茄小说
1406,牛老师，发生甚么事了？,纸上吉诃德,3.7,历史、都市、搞笑,微信读书
1407,火焰王子,古老城堡,2.1,都市、都市、言情,微信读书
1408,诸天投影,裴屠狗,2.2,科幻、无限流、投影,QQ 阅读
1409,先砍一刀,面目全黑,3.1,科幻、都市、异能,QQ 阅读
1410,重生之超级富豪,八爪章鱼,3.5,都市、重生、经商,Kindle 商店
1411,皇兄何故造反？,月麒麟,2.8,科幻、历史、权谋,QQ 阅读
1412,大顺永昌,富春山居,3.1,武侠、历史、穿越,Kindle 商店
1413,奋斗吧，加夫里尔,懵懂的猪,3.9,都市、都市、励志,起点读书
1414,问剑,黑灯夏火,2.5,玄幻、仙侠、剑道,Kindle 商店
1415,紫府仙缘,百里玺,3.1,科幻、仙侠、修真,番茄小说
1416,天启之门,跳舞,2.4,科幻、科幻、冒险,番茄小说
1417,柯南之最强大叔,孤城家的阿流,3.5,历史、推理、同人,微信读书
1418,文理双修,两只小猪呼噜噜,3.6,玄幻、校园、励志,Kindle 商店
1419,开局顶流的我怎么会糊,别人家的小猫咪,2.6,都市、娱乐、逆袭,番茄小说
1420,异侠,自在,3.8,玄幻、玄幻、异能,番茄小说
1421,霍格沃茨的魔文教授,弦之韻,3.7,武侠、奇幻、同人,起点读书
1422,道缘浮图,烟雨江南,2.9,历史、仙侠、权谋,Kindle 商店
1423,重生六零好时光,湖涂,3.7,科幻、年代、重生,QQ 阅读
1424,超级写轮眼,姜大炮,3.8,科幻、动漫、同人,起点读书
1425,大影帝,苏释晨来了,3.0,科幻、娱乐、励志,微信读书
1426,步剑庭,意缥缈,3.0,都市、武侠、江湖,QQ 阅读
1427,死亡万花筒,西子绪,3.5,悬疑、无限流、恐怖,微信读书
1428,神魔养殖场,黑瞳王,3.0,玄幻、玄幻、冒险,番茄小说
1429,我是幸存者,型男密码,3.2,科幻、末世、生存,微信读书
1430,妖魔哪里走,全金属弹壳,2.9,玄幻、灵异、捉妖,微信读书
1431,网游之射破苍穹,龙大人,3.3,悬疑、游戏、竞技,番茄小说
1432,八零后少林方丈,黑土冒青烟,3.0,武侠、历史、少林,QQ 阅读
1433,猎网,虾写,3.6,武侠、都市、悬疑,Kindle 商店
1434,扶风歌,蟹的心,3.5,玄幻、玄幻、言情,Kindle 商店
1435,贵妃起居注,御井烹香,4.1,玄幻、历史、宫廷,番茄小说
1436,善良的死神,唐家三少,2.8,科幻、玄幻、冒险,起点读书
1437,我打造了旧日支配者神话,金色梦乡,2.8,玄幻、克苏鲁、玄幻,QQ 阅读
1438,周游诸天万界,殷长生,2.8,科幻、无限流、穿越,微信读书
1439,生存[末世],黄小婵,3.6,历史、末世、生存,起点读书
1440,致四千年后,祈耳喵,2.8,玄幻、科幻、未来,Kindle 商店
1441,重返1977,镶黄旗,1.8,悬疑、年代、重生,Kindle 商店
1442,一品江山,三戒大师,3.2,都市、历史、权谋,QQ 阅读
1443,土佐之梦,周元祀,3.3,武侠、历史、日本,起点读书
1444,赤侠,红烧大黑鱼,3.0,悬疑、历史、侠义,番茄小说
1445,不败战神,方想,3.0,都市、玄幻、热血,微信读书
1446,帝尊,宅猪,3.1,科幻、玄幻、争霸,番茄小说
1447,杀出矩阵：起源,迷路的鱼,2.6,历史、科幻、末世,番茄小说
1448,死灵博物馆,盐渍月鸦,3.5,悬疑、灵异、悬疑,番茄小说
1449,李氏,死狗咦,3.0,都市、历史、家族,微信读书
1450,通天大圣,蛇吞鲸,3.1,都市、玄幻、神话,Kindle 商店
1451,琴帝,唐家三少,2.7,玄幻、玄幻、音乐,起点读书
1452,[综]东京恋爱养成攻略,叶子田粥,4.0,玄幻、综漫、恋爱,番茄小说
1453,天宝风流,水叶子,3.4,科幻、历史、言情,微信读书
1454,浪迹在武侠世界的道士,中原五百,2.4,武侠、武侠、道士,起点读书
1455,异世盗皇,误道者,3.6,都市、玄幻、盗贼,番茄小说
1456,[泰坦尼克]真爱永恒,漫空,4.0,都市、影视、言情,番茄小说
1457,黑暗超神,左右X,2.6,历史、科幻、超神,微信读书
1458,重生大玩家,邱天27,3.1,悬疑、游戏、重生,番茄小说
1459,大不列颠之影,趋时,2.9,科幻、历史、英国,微信读书
1460,虎狼,灰熊猫,2.1,都市、历史、战争,起点读书
1461,仙界独尊,蛇吞鲸,2.4,历史、仙侠、争霸,微信读书
1462,（快穿）富贵荣华,昔我晚矣,3.5,历史、快穿、言情,起点读书
1463,弄潮,瑞根,3.4,武侠、都市、商战,番茄小说
1464,梦想为王,中秋月明,2.6,武侠、都市、励志,QQ 阅读
1465,我在东京克苏鲁,一键三连,2.9,历史、克苏鲁、日本,微信读书
1466,夜明珠,伯伦希尔,4.2,玄幻、玄幻、悬疑,Kindle 商店
1467,法兰西不缺皇帝,幸运的苏面,3.1,武侠、历史、法国,QQ 阅读
1468,小阁老,三戒大师,2.4,历史、历史、官场,起点读书
1469,全民魔女1994,宇宙鸽,3.2,科幻、科幻、魔女,微信读书
1470,变身路人女主,醉卧笑伊人,2.5,悬疑、动漫、穿越,起点读书
1471,湛蓝权杖,躺摆混,3.3,都市、玄幻、冒险,起点读书
1472,网游之邪龙逆天,火星引力,3.4,科幻、游戏、热血,QQ 阅读
1473,超级大航海,虾写,3.6,科幻、历史、航海,微信读书
1474,镇妖博物馆,阎ZK,2.4,历史、灵异、博物馆,微信读书
1475,光明纪元,血红,3.0,都市、玄幻、光明,起点读书
1476,咸鱼翻身的正确姿势,二宝天使,2.1,科幻、都市、逆袭,微信读书
1477,奶爸的文艺人生,寒门,2.4,科幻、都市、奶爸,QQ 阅读
1478,大宋帝国征服史,cuslaa.QD,3.6,历史、历史、战争,Kindle 商店
1479,参天,风御九秋,1.6,都市、仙侠、修真,微信读书
1480,国王,新海月1,2.7,科幻、历史、权谋,Kindle 商店
1481,随身装着一口泉,我要的是葫芦,3.7,武侠、都市、异能,微信读书
1482,不可名状的赛博朋克,卖盘的狐狸,3.0,玄幻、赛博、克苏鲁,起点读书
1483,我就是能进球,不吃小南瓜,2.9,悬疑、体育、足球,QQ 阅读
1484,网游之修罗传说,火星引力,3.4,悬疑、游戏、传奇,起点读书
1485,一品丹仙,八宝饭,2.6,历史、仙侠、炼丹,Kindle 商店
1486,无限生存游戏,轻云淡,3.7,悬疑、无限流、生存,起点读书
1487,魔临,纯洁滴小龙,2.6,历史、灵异、悬疑,番茄小说
1488,绝世人妖养成系统,呜啼,3.3,科幻、系统、搞笑,微信读书
1489,仙宝,烛,3.2,悬疑、仙侠、宝物,Kindle 商店
1490,无限绅士,奇想,2.9,历史、无限流、绅士,Kindle 商店
1491,完本之王,格子里的夜晚,3.0,都市、娱乐、系统,Kindle 商店
1492,铁血大民国,大罗罗,2.4,玄幻、历史、军事,番茄小说
1493,胜券在手,dleer,4.0,悬疑、体育、竞技,番茄小说
1494,快穿之打脸狂魔,风流书呆,3.5,悬疑、快穿、打脸,番茄小说
1495,暴君时代,诸葛风行,3.8,科幻、历史、权谋,Kindle 商店
1496,第七颗头骨,凤凰,4.4,玄幻、灵异、悬疑,Kindle 商店
1497,重塑人生三十年,皇家雇佣猫,2.6,悬疑、年代、重生,微信读书
1498,法师手札,沁纸花青,3.2,武侠、奇幻、手札,番茄小说
1499,怨气撞铃,尾鱼,3.9,武侠、灵异、冒险,QQ 阅读
