user_id,novel_id,rating,gender,age,interests,reading_time
1,817,2.6,女,51,异能,1.0
1,784,3.3,女,51,异能,1.0
1,399,2.7,女,51,异能,1.0
2,771,2.9,女,16,"科幻,玄幻,校园",13.74
3,1280,2.5,女,52,"冒险,奇幻",2.11
3,505,1.9,女,52,"冒险,奇幻",2.11
3,1461,1.8,女,52,"冒险,奇幻",2.11
3,581,2.3,女,52,"冒险,奇幻",2.11
3,486,3.4,女,52,"冒险,奇幻",2.11
4,1309,2.2,女,17,奇幻,2.93
4,389,2.5,女,17,奇幻,2.93
4,348,2.9,女,17,奇幻,2.93
4,423,3.3,女,17,奇幻,2.93
5,1450,2.5,女,22,"悬疑,校园,科幻",8.45
5,355,3.3,女,22,"悬疑,校园,科幻",8.45
5,557,3.2,女,22,"悬疑,校园,科幻",8.45
6,1094,2.1,女,25,"权谋,校园,系统",7.39
6,1014,2.8,女,25,"权谋,校园,系统",7.39
6,930,4.0,女,25,"权谋,校园,系统",7.39
6,271,3.3,女,25,"权谋,校园,系统",7.39
7,906,2.0,女,65,"历史,游戏,言情",1.23
7,1399,1.7,女,65,"历史,游戏,言情",1.23
7,1391,2.6,女,65,"历史,游戏,言情",1.23
8,1228,2.9,女,20,"都市,玄幻",7.48
8,834,2.5,女,20,"都市,玄幻",7.48
9,279,2.2,男,16,"历史,穿越",5.64
9,85,3.4,男,16,"历史,穿越",5.64
10,1204,1.9,女,14,"奇幻,修真",8.45
10,1069,2.4,女,14,"奇幻,修真",8.45
11,231,2.7,女,15,"娱乐,玄幻",4.56
11,626,3.3,女,15,"娱乐,玄幻",4.56
11,878,3.3,女,15,"娱乐,玄幻",4.56
12,1375,3.3,男,13,"系统,穿越",5.61
12,698,2.4,男,13,"系统,穿越",5.61
13,726,3.2,女,15,"修仙,异能",5.15
13,1378,3.4,女,15,"修仙,异能",5.15
14,1235,3.3,男,25,修仙,3.58
14,1106,2.3,男,25,修仙,3.58
14,1250,2.5,男,25,修仙,3.58
15,1395,2.2,女,16,"系统,言情",6.54
15,581,2.3,女,16,"系统,言情",6.54
15,664,3.1,女,16,"系统,言情",6.54
15,520,2.0,女,16,"系统,言情",6.54
15,313,2.9,女,16,"系统,言情",6.54
16,544,1.9,女,24,奇幻,3.2
16,1209,2.0,女,24,奇幻,3.2
16,124,2.9,女,24,奇幻,3.2
16,1236,2.8,女,24,奇幻,3.2
17,1221,3.6,女,12,"搞笑,游戏,冒险",9.9
18,921,2.2,男,30,"末世,玄幻",6.07
18,1105,2.7,男,30,"末世,玄幻",6.07
18,820,2.0,男,30,"末世,玄幻",6.07
18,225,3.3,男,30,"末世,玄幻",6.07
18,302,3.0,男,30,"末世,玄幻",6.07
19,868,2.6,女,18,江湖,2.33
19,1363,1.0,女,18,江湖,2.33
19,1037,2.1,女,18,江湖,2.33
19,1203,2.0,女,18,江湖,2.33
20,1338,1.9,女,19,末世,3.99
21,946,3.0,男,22,"武侠,修仙,言情",7.33
21,1298,2.5,男,22,"武侠,修仙,言情",7.33
21,140,2.6,男,22,"武侠,修仙,言情",7.33
22,192,2.9,男,35,"重生,冒险,悬疑",6.69
23,135,2.8,男,20,"穿越,江湖,重生",8.86
23,1492,1.8,男,20,"穿越,江湖,重生",8.86
24,1441,1.2,女,18,科幻,3.29
25,435,2.6,女,25,历史,2.58
25,121,3.0,女,25,历史,2.58
25,508,2.6,女,25,历史,2.58
26,653,3.5,男,18,"战争,科幻,灵异",7.01
26,575,2.6,男,18,"战争,科幻,灵异",7.01
27,1228,2.9,男,35,灵异,1.99
28,438,2.4,女,15,"娱乐,冒险",5.89
28,809,2.2,女,15,"娱乐,冒险",5.89
28,802,2.3,女,15,"娱乐,冒险",5.89
29,787,3.9,男,18,末世,2.87
29,413,3.0,男,18,末世,2.87
30,368,1.5,女,15,都市,2.94
30,571,2.2,女,15,都市,2.94
31,1468,1.8,男,19,"校园,搞笑,系统",7.03
31,289,3.6,男,19,"校园,搞笑,系统",7.03
31,109,3.0,男,19,"校园,搞笑,系统",7.03
31,799,2.6,男,19,"校园,搞笑,系统",7.03
32,206,3.5,女,22,"科幻,战争",5.64
33,1089,1.9,女,15,历史,3.13
34,1083,2.6,女,14,系统,3.06
34,302,3.0,女,14,系统,3.06
34,1254,3.6,女,14,系统,3.06
34,1148,2.5,女,14,系统,3.06
35,616,3.0,女,57,"仙侠,异世界",1.53
36,1475,2.4,女,59,"异能,娱乐",1.51
36,202,1.4,女,59,"异能,娱乐",1.51
36,647,3.3,女,59,"异能,娱乐",1.51
36,523,1.2,女,59,"异能,娱乐",1.51
36,35,2.2,女,59,"异能,娱乐",1.51
37,1049,2.5,女,17,"灵异,游戏,穿越",12.05
37,171,3.6,女,17,"灵异,游戏,穿越",12.05
37,25,1.6,女,17,"灵异,游戏,穿越",12.05
37,823,2.4,女,17,"灵异,游戏,穿越",12.05
38,728,2.4,女,33,修仙,2.75
38,998,2.4,女,33,修仙,2.75
39,1001,2.8,男,22,"历史,都市,权谋",7.41
39,259,2.0,男,22,"历史,都市,权谋",7.41
39,1147,2.0,男,22,"历史,都市,权谋",7.41
40,113,2.7,女,22,"奇幻,江湖,仙侠",8.2
40,1095,1.6,女,22,"奇幻,江湖,仙侠",8.2
41,405,2.4,男,29,"历史,奇幻,科幻",8.77
41,1115,2.9,男,29,"历史,奇幻,科幻",8.77
42,1386,3.3,女,41,"战争,冒险,搞笑",4.62
42,1470,1.9,女,41,"战争,冒险,搞笑",4.62
42,498,1.9,女,41,"战争,冒险,搞笑",4.62
42,785,3.4,女,41,"战争,冒险,搞笑",4.62
42,380,2.4,女,41,"战争,冒险,搞笑",4.62
43,1494,2.9,女,18,"异能,异世界,灵异",9.29
43,1299,2.2,女,18,"异能,异世界,灵异",9.29
43,639,2.7,女,18,"异能,异世界,灵异",9.29
44,1249,3.0,男,34,武侠,2.59
44,1030,2.7,男,34,武侠,2.59
45,917,2.4,女,23,灵异,3.18
45,10,3.5,女,23,灵异,3.18
45,502,1.9,女,23,灵异,3.18
45,946,3.0,女,23,灵异,3.18
45,846,2.6,女,23,灵异,3.18
46,1013,2.3,女,14,"灵异,穿越",7.13
46,1235,3.3,女,14,"灵异,穿越",7.13
47,459,3.7,男,22,权谋,3.26
47,121,3.0,男,22,权谋,3.26
47,1270,3.6,男,22,权谋,3.26
47,847,1.8,男,22,权谋,3.26
47,1031,3.6,男,22,权谋,3.26
48,565,3.5,女,13,"冒险,修仙",5.18
48,748,2.7,女,13,"冒险,修仙",5.18
48,930,4.0,女,13,"冒险,修仙",5.18
48,417,2.9,女,13,"冒险,修仙",5.18
48,298,3.3,女,13,"冒险,修仙",5.18
49,158,2.5,男,20,权谋,3.2
49,1124,2.3,男,20,权谋,3.2
49,263,3.6,男,20,权谋,3.2
49,256,2.9,男,20,权谋,3.2
49,27,3.7,男,20,权谋,3.2
50,71,3.1,女,19,"异能,历史,娱乐",9.06
51,386,3.2,男,23,"异能,武侠,系统",6.58
52,865,2.7,女,53,"校园,奇幻,武侠",2.87
53,1081,2.8,男,13,搞笑,4.67
53,283,2.5,男,13,搞笑,4.67
53,78,2.6,男,13,搞笑,4.67
54,322,2.0,女,24,"战争,冒险,异能",9.03
54,1371,2.3,女,24,"战争,冒险,异能",9.03
54,968,3.0,女,24,"战争,冒险,异能",9.03
54,1335,3.4,女,24,"战争,冒险,异能",9.03
55,708,2.5,男,26,"修仙,系统",5.52
56,1423,3.1,男,41,"奇幻,权谋,重生",6.5
56,1345,2.2,男,41,"奇幻,权谋,重生",6.5
56,1129,2.9,男,41,"奇幻,权谋,重生",6.5
56,709,1.9,男,41,"奇幻,权谋,重生",6.5
56,596,3.6,男,41,"奇幻,权谋,重生",6.5
57,1153,2.0,女,12,"异世界,江湖,都市",9.25
57,1223,2.4,女,12,"异世界,江湖,都市",9.25
57,315,3.0,女,12,"异世界,江湖,都市",9.25
57,412,2.9,女,12,"异世界,江湖,都市",9.25
58,5,2.8,男,19,"奇幻,异世界",4.91
58,989,3.0,男,19,"奇幻,异世界",4.91
58,1266,2.8,男,19,"奇幻,异世界",4.91
58,38,3.4,男,19,"奇幻,异世界",4.91
58,574,2.3,男,19,"奇幻,异世界",4.91
59,306,1.4,女,17,"都市,末世,重生",9.93
60,557,3.2,男,26,战争,2.18
60,1118,2.2,男,26,战争,2.18
60,1209,2.0,男,26,战争,2.18
60,1063,2.7,男,26,战争,2.18
61,95,3.0,男,24,"冒险,历史",6.52
62,326,3.2,男,47,穿越,1.66
62,869,2.1,男,47,穿越,1.66
62,600,2.5,男,47,穿越,1.66
62,362,2.5,男,47,穿越,1.66
63,1417,2.9,男,19,"游戏,修仙",6.84
64,87,1.2,女,13,"重生,穿越,异能",9.38
64,549,2.2,女,13,"重生,穿越,异能",9.38
64,978,3.0,女,13,"重生,穿越,异能",9.38
64,1144,2.3,女,13,"重生,穿越,异能",9.38
64,520,2.0,女,13,"重生,穿越,异能",9.38
65,544,1.9,男,21,"无限流,战争,异能",8.66
65,678,2.8,男,21,"无限流,战争,异能",8.66
66,472,1.3,女,22,搞笑,3.45
66,212,3.4,女,22,搞笑,3.45
66,631,2.0,女,22,搞笑,3.45
67,1218,2.5,男,37,悬疑,2.66
67,714,2.8,男,37,悬疑,2.66
67,192,2.9,男,37,悬疑,2.66
67,14,3.2,男,37,悬疑,2.66
67,1241,3.3,男,37,悬疑,2.66
68,183,3.0,女,14,"冒险,悬疑,奇幻",8.97
68,87,1.2,女,14,"冒险,悬疑,奇幻",8.97
68,736,2.4,女,14,"冒险,悬疑,奇幻",8.97
68,1082,2.0,女,14,"冒险,悬疑,奇幻",8.97
69,1176,3.4,女,13,"校园,系统",7.3
69,423,3.3,女,13,"校园,系统",7.3
69,341,2.8,女,13,"校园,系统",7.3
70,1386,3.3,女,18,"系统,冒险",5.83
70,668,2.4,女,18,"系统,冒险",5.83
71,935,3.4,女,63,"校园,游戏,言情",1.28
72,690,1.9,女,13,"游戏,战争",8.04
73,1294,3.0,女,24,灵异,3.12
73,1022,1.8,女,24,灵异,3.12
74,929,2.8,男,24,"奇幻,悬疑,修真",12.85
74,844,2.2,男,24,"奇幻,悬疑,修真",12.85
74,1297,1.8,男,24,"奇幻,悬疑,修真",12.85
74,24,3.2,男,24,"奇幻,悬疑,修真",12.85
75,1038,1.8,女,14,无限流,2.87
75,886,2.4,女,14,无限流,2.87
75,466,3.1,女,14,无限流,2.87
75,525,3.9,女,14,无限流,2.87
75,481,2.3,女,14,无限流,2.87
76,861,3.4,女,25,"历史,江湖",4.84
76,495,2.4,女,25,"历史,江湖",4.84
77,608,2.9,男,21,"都市,科幻",2.21
77,791,2.2,男,21,"都市,科幻",2.21
78,986,3.4,女,18,"悬疑,异能",5.3
78,1142,1.8,女,18,"悬疑,异能",5.3
78,1214,1.8,女,18,"悬疑,异能",5.3
78,3,3.5,女,18,"悬疑,异能",5.3
78,565,3.5,女,18,"悬疑,异能",5.3
79,1232,2.3,男,13,"武侠,末世,权谋",14.83
79,688,2.7,男,13,"武侠,末世,权谋",14.83
80,1260,3.1,男,18,"言情,娱乐",6.78
81,639,2.7,女,22,"历史,战争",4.89
81,397,2.8,女,22,"历史,战争",4.89
81,1086,2.2,女,22,"历史,战争",4.89
81,122,3.6,女,22,"历史,战争",4.89
82,450,3.1,男,37,"战争,娱乐,搞笑",6.68
82,1388,0.9,男,37,"战争,娱乐,搞笑",6.68
82,1203,2.0,男,37,"战争,娱乐,搞笑",6.68
82,1333,3.2,男,37,"战争,娱乐,搞笑",6.68
82,1135,2.0,男,37,"战争,娱乐,搞笑",6.68
83,69,3.3,男,22,修真,2.78
83,1026,2.6,男,22,修真,2.78
83,1023,2.4,男,22,修真,2.78
83,522,1.3,男,22,修真,2.78
84,163,3.3,女,35,"冒险,系统",4.72
84,775,1.5,女,35,"冒险,系统",4.72
84,142,3.6,女,35,"冒险,系统",4.72
85,1049,2.5,男,15,"玄幻,权谋",7.49
85,4,3.6,男,15,"玄幻,权谋",7.49
86,1303,2.0,男,30,校园,3.33
86,1010,3.2,男,30,校园,3.33
86,305,2.0,男,30,校园,3.33
86,782,2.3,男,30,校园,3.33
86,247,3.9,男,30,校园,3.33
87,1467,2.5,女,20,"科幻,权谋,系统",9.58
87,391,2.5,女,20,"科幻,权谋,系统",9.58
88,1477,1.8,女,33,"江湖,冒险,异能",7.34
88,991,2.3,女,33,"江湖,冒险,异能",7.34
88,269,1.8,女,33,"江湖,冒险,异能",7.34
88,706,2.3,女,33,"江湖,冒险,异能",7.34
88,1164,1.8,女,33,"江湖,冒险,异能",7.34
89,1498,2.6,男,26,"重生,科幻,仙侠",9.89
90,1015,2.5,女,60,言情,1.0
90,1361,1.8,女,60,言情,1.0
91,1290,2.8,女,26,武侠,3.01
91,61,3.5,女,26,武侠,3.01
91,48,3.2,女,26,武侠,3.01
91,1360,3.8,女,26,武侠,3.01
91,1052,2.5,女,26,武侠,3.01
92,391,2.5,男,16,搞笑,3.12
92,994,2.2,男,16,搞笑,3.12
92,847,1.8,男,16,搞笑,3.12
92,544,1.9,男,16,搞笑,3.12
92,307,3.4,男,16,搞笑,3.12
93,40,2.2,女,22,玄幻,3.56
94,882,3.0,男,21,"校园,冒险",7.13
94,290,3.2,男,21,"校园,冒险",7.13
94,1167,2.3,男,21,"校园,冒险",7.13
95,1328,2.9,女,16,"修真,江湖,武侠",9.03
95,1106,2.3,女,16,"修真,江湖,武侠",9.03
95,191,3.2,女,16,"修真,江湖,武侠",9.03
95,388,1.9,女,16,"修真,江湖,武侠",9.03
96,420,2.6,女,21,"修真,科幻",7.3
96,374,3.4,女,21,"修真,科幻",7.3
96,207,3.4,女,21,"修真,科幻",7.3
96,326,3.2,女,21,"修真,科幻",7.3
97,611,3.1,男,18,"异能,仙侠",6.09
97,1123,3.5,男,18,"异能,仙侠",6.09
98,758,3.4,男,30,异世界,2.68
98,1329,1.4,男,30,异世界,2.68
98,80,2.7,男,30,异世界,2.68
98,690,1.9,男,30,异世界,2.68
99,558,1.3,女,56,异能,1.16
100,568,2.5,男,44,"修真,娱乐",3.07
101,846,2.6,男,23,"穿越,悬疑",4.81
101,53,3.0,男,23,"穿越,悬疑",4.81
101,1223,2.4,男,23,"穿越,悬疑",4.81
101,1278,3.5,男,23,"穿越,悬疑",4.81
102,892,3.0,女,24,灵异,3.45
102,426,3.4,女,24,灵异,3.45
102,496,3.7,女,24,灵异,3.45
102,225,3.3,女,24,灵异,3.45
102,6,3.4,女,24,灵异,3.45
103,1049,2.5,女,15,江湖,3.49
104,941,3.9,男,20,"武侠,系统,江湖",11.03
104,1350,2.9,男,20,"武侠,系统,江湖",11.03
105,37,3.3,女,12,"修真,玄幻",7.52
105,144,2.9,女,12,"修真,玄幻",7.52
105,1179,1.9,女,12,"修真,玄幻",7.52
105,1378,3.4,女,12,"修真,玄幻",7.52
105,477,2.9,女,12,"修真,玄幻",7.52
106,1038,1.8,男,16,"娱乐,重生",6.05
106,1431,2.7,男,16,"娱乐,重生",6.05
107,1249,3.0,男,44,"无限流,玄幻,科幻",4.61
107,1421,3.1,男,44,"无限流,玄幻,科幻",4.61
108,902,2.2,女,12,灵异,3.08
109,756,2.8,男,18,异世界,3.24
110,1468,1.8,女,21,"末世,仙侠",5.53
111,1226,2.7,女,23,奇幻,3.23
112,663,3.0,女,37,都市,2.94
112,1231,2.6,女,37,都市,2.94
112,1270,3.6,女,37,都市,2.94
113,42,3.1,女,17,"奇幻,游戏",8.74
113,1073,2.3,女,17,"奇幻,游戏",8.74
113,670,2.9,女,17,"奇幻,游戏",8.74
113,241,2.4,女,17,"奇幻,游戏",8.74
114,882,3.0,男,25,"历史,校园",3.78
115,1235,3.3,男,19,无限流,3.2
116,748,2.7,男,21,"异世界,历史,江湖",12.32
116,426,3.4,男,21,"异世界,历史,江湖",12.32
116,491,1.6,男,21,"异世界,历史,江湖",12.32
116,1357,2.0,男,21,"异世界,历史,江湖",12.32
117,642,3.4,女,26,系统,2.95
118,908,3.4,男,28,江湖,2.44
118,1423,3.1,男,28,江湖,2.44
118,1485,2.0,男,28,江湖,2.44
118,1166,2.4,男,28,江湖,2.44
119,974,2.3,男,35,"悬疑,权谋",3.31
119,1109,2.6,男,35,"悬疑,权谋",3.31
119,648,2.4,男,35,"悬疑,权谋",3.31
120,25,1.6,女,24,无限流,2.58
120,172,3.0,女,24,无限流,2.58
120,1369,1.9,女,24,无限流,2.58
121,1348,2.0,女,33,"系统,武侠",3.99
122,1074,2.5,男,17,"冒险,修真,娱乐",9.22
122,1482,2.4,男,17,"冒险,修真,娱乐",9.22
122,1167,2.3,男,17,"冒险,修真,娱乐",9.22
122,469,2.3,男,17,"冒险,修真,娱乐",9.22
122,161,3.4,男,17,"冒险,修真,娱乐",9.22
123,1078,2.4,男,31,言情,2.23
123,1183,1.9,男,31,言情,2.23
123,725,1.4,男,31,言情,2.23
123,689,3.0,男,31,言情,2.23
123,1488,2.7,男,31,言情,2.23
124,1149,3.6,女,39,"穿越,系统",6.07
124,66,2.3,女,39,"穿越,系统",6.07
124,1056,2.8,女,39,"穿越,系统",6.07
125,153,2.2,男,42,"江湖,校园",4.82
125,1240,2.9,男,42,"江湖,校园",4.82
125,1404,2.9,男,42,"江湖,校园",4.82
125,547,2.4,男,42,"江湖,校园",4.82
125,762,2.2,男,42,"江湖,校园",4.82
126,840,3.3,男,13,修仙,3.79
126,587,2.5,男,13,修仙,3.79
126,900,2.2,男,13,修仙,3.79
126,778,1.8,男,13,修仙,3.79
126,655,2.4,男,13,修仙,3.79
127,1279,2.2,男,37,"穿越,修仙",5.12
127,945,3.0,男,37,"穿越,修仙",5.12
127,1027,1.8,男,37,"穿越,修仙",5.12
127,234,3.4,男,37,"穿越,修仙",5.12
127,1117,3.2,男,37,"穿越,修仙",5.12
128,509,2.6,男,19,仙侠,3.49
128,1185,3.6,男,19,仙侠,3.49
128,1158,2.6,男,19,仙侠,3.49
128,792,2.5,男,19,仙侠,3.49
129,1421,3.1,女,19,战争,3.27
130,230,3.2,女,22,"权谋,异能,灵异",9.99
130,1458,2.5,女,22,"权谋,异能,灵异",9.99
131,1163,1.9,男,22,"搞笑,修真",5.04
132,169,1.9,男,14,"搞笑,科幻,奇幻",10.28
132,332,4.2,男,14,"搞笑,科幻,奇幻",10.28
132,54,3.7,男,14,"搞笑,科幻,奇幻",10.28
132,1043,2.4,男,14,"搞笑,科幻,奇幻",10.28
133,1473,3.0,男,21,"奇幻,历史,重生",7.9
133,213,2.8,男,21,"奇幻,历史,重生",7.9
133,728,2.4,男,21,"奇幻,历史,重生",7.9
134,1423,3.1,女,20,"玄幻,游戏",5.7
135,491,1.6,男,21,系统,2.75
136,1062,3.6,女,19,"奇幻,游戏",6.18
136,129,2.6,女,19,"奇幻,游戏",6.18
137,653,3.5,女,12,"奇幻,玄幻",6.12
137,508,2.6,女,12,"奇幻,玄幻",6.12
137,606,3.4,女,12,"奇幻,玄幻",6.12
137,100,2.9,女,12,"奇幻,玄幻",6.12
137,1283,3.4,女,12,"奇幻,玄幻",6.12
138,679,1.9,男,54,"历史,修仙",2.15
139,481,2.3,男,13,异能,3.26
139,1420,3.2,男,13,异能,3.26
139,971,2.7,男,13,异能,3.26
139,1408,1.6,男,13,异能,3.26
140,1032,2.1,男,37,都市,1.8
140,489,2.4,男,37,都市,1.8
141,1176,3.4,男,14,"奇幻,历史,都市",9.79
142,639,2.7,女,12,"重生,历史,修真",8.0
143,785,3.4,女,20,奇幻,2.98
144,1380,2.8,女,13,"冒险,权谋,无限流",5.23
144,1137,2.3,女,13,"冒险,权谋,无限流",5.23
144,1062,3.6,女,13,"冒险,权谋,无限流",5.23
144,1105,2.7,女,13,"冒险,权谋,无限流",5.23
145,1199,2.7,男,40,穿越,1.17
145,1264,3.2,男,40,穿越,1.17
145,867,2.6,男,40,穿越,1.17
145,840,3.3,男,40,穿越,1.17
145,712,3.4,男,40,穿越,1.17
146,1218,2.5,女,27,"系统,悬疑,校园",10.07
146,1312,2.9,女,27,"系统,悬疑,校园",10.07
147,1348,2.0,女,45,游戏,1.52
147,1330,4.2,女,45,游戏,1.52
147,1042,2.2,女,45,游戏,1.52
147,557,3.2,女,45,游戏,1.52
147,947,2.4,女,45,游戏,1.52
148,142,3.6,女,15,"游戏,无限流",5.99
148,1277,2.3,女,15,"游戏,无限流",5.99
148,609,2.4,女,15,"游戏,无限流",5.99
148,947,2.4,女,15,"游戏,无限流",5.99
149,1091,2.1,女,19,"奇幻,末世,无限流",11.38
149,867,2.6,女,19,"奇幻,末世,无限流",11.38
149,1008,1.9,女,19,"奇幻,末世,无限流",11.38
150,444,2.8,女,64,"末世,言情",1.0
150,31,3.5,女,64,"末世,言情",1.0
151,364,2.8,男,55,"穿越,科幻,权谋",2.01
151,161,3.4,男,55,"穿越,科幻,权谋",2.01
151,634,2.7,男,55,"穿越,科幻,权谋",2.01
151,220,2.9,男,55,"穿越,科幻,权谋",2.01
151,1369,1.9,男,55,"穿越,科幻,权谋",2.01
152,145,3.6,男,17,"言情,灵异,搞笑",10.88
152,689,3.0,男,17,"言情,灵异,搞笑",10.88
152,300,1.9,男,17,"言情,灵异,搞笑",10.88
153,1377,2.4,女,37,"校园,都市,权谋",7.68
153,69,3.3,女,37,"校园,都市,权谋",7.68
154,1353,2.5,女,15,异能,3.63
155,779,2.4,男,13,"异能,科幻",8.45
155,972,2.4,男,13,"异能,科幻",8.45
156,1281,2.2,女,15,都市,4.39
156,700,3.2,女,15,都市,4.39
157,1145,2.2,女,20,"战争,校园,重生",14.22
157,629,2.7,女,20,"战争,校园,重生",14.22
157,1018,2.6,女,20,"战争,校园,重生",14.22
157,1433,3.0,女,20,"战争,校园,重生",14.22
158,578,2.2,男,16,"末世,科幻",5.64
158,1459,2.3,男,16,"末世,科幻",5.64
158,545,1.5,男,16,"末世,科幻",5.64
159,1164,1.8,男,16,"奇幻,穿越,系统",9.79
159,455,2.4,男,16,"奇幻,穿越,系统",9.79
159,447,4.2,男,16,"奇幻,穿越,系统",9.79
159,1272,2.5,男,16,"奇幻,穿越,系统",9.79
160,378,2.4,男,33,"搞笑,悬疑,言情",6.95
160,187,2.9,男,33,"搞笑,悬疑,言情",6.95
160,639,2.7,男,33,"搞笑,悬疑,言情",6.95
160,380,2.4,男,33,"搞笑,悬疑,言情",6.95
161,1316,2.0,男,25,"武侠,冒险,搞笑",9.36
161,555,3.4,男,25,"武侠,冒险,搞笑",9.36
161,133,2.9,男,25,"武侠,冒险,搞笑",9.36
161,196,2.5,男,25,"武侠,冒险,搞笑",9.36
162,1151,3.2,男,15,奇幻,2.88
162,1380,2.8,男,15,奇幻,2.88
162,47,3.3,男,15,奇幻,2.88
162,767,2.4,男,15,奇幻,2.88
163,1015,2.5,男,19,"历史,搞笑,末世",10.9
164,404,3.2,男,12,系统,3.13
164,938,2.8,男,12,系统,3.13
164,1137,2.3,男,12,系统,3.13
164,1011,2.6,男,12,系统,3.13
165,919,3.0,女,13,"科幻,都市",3.27
165,405,2.4,女,13,"科幻,都市",3.27
166,812,2.5,女,35,"异能,系统,异世界",8.74
167,1036,2.3,男,25,"玄幻,历史,江湖",10.12
167,756,2.8,男,25,"玄幻,历史,江湖",10.12
167,773,1.8,男,25,"玄幻,历史,江湖",10.12
167,278,3.1,男,25,"玄幻,历史,江湖",10.12
167,611,3.1,男,25,"玄幻,历史,江湖",10.12
168,793,2.3,男,15,"奇幻,武侠",7.56
168,2,3.7,男,15,"奇幻,武侠",7.56
168,852,2.5,男,15,"奇幻,武侠",7.56
168,173,3.2,男,15,"奇幻,武侠",7.56
169,1350,2.9,男,21,言情,3.2
169,126,3.1,男,21,言情,3.2
170,1343,2.2,女,15,"无限流,穿越,战争",7.65
170,1399,1.7,女,15,"无限流,穿越,战争",7.65
171,1141,2.4,男,15,都市,3.69
171,859,1.9,男,15,都市,3.69
171,1073,2.3,男,15,都市,3.69
171,1357,2.0,男,15,都市,3.69
171,816,2.5,男,15,都市,3.69
172,1493,3.4,男,22,"武侠,战争,玄幻",11.75
172,167,3.0,男,22,"武侠,战争,玄幻",11.75
172,313,2.9,男,22,"武侠,战争,玄幻",11.75
172,605,2.0,男,22,"武侠,战争,玄幻",11.75
173,1074,2.5,女,21,"战争,冒险",5.78
173,372,2.2,女,21,"战争,冒险",5.78
174,5,2.8,女,21,末世,2.23
174,343,3.4,女,21,末世,2.23
174,566,1.5,女,21,末世,2.23
174,159,3.6,女,21,末世,2.23
174,657,2.0,女,21,末世,2.23
175,576,3.4,女,12,"末世,搞笑,仙侠",10.01
176,428,3.2,女,45,言情,2.15
176,1450,2.5,女,45,言情,2.15
176,308,2.8,女,45,言情,2.15
176,1026,2.6,女,45,言情,2.15
176,627,2.2,女,45,言情,2.15
177,1158,2.6,男,23,"修仙,校园,末世",6.63
177,1209,2.0,男,23,"修仙,校园,末世",6.63
177,662,2.2,男,23,"修仙,校园,末世",6.63
177,182,3.6,男,23,"修仙,校园,末世",6.63
178,696,3.9,男,62,"系统,权谋,修仙",2.34
179,599,1.8,女,16,"无限流,悬疑",9.67
180,961,2.4,女,20,"穿越,仙侠",7.09
180,495,2.4,女,20,"穿越,仙侠",7.09
180,687,1.8,女,20,"穿越,仙侠",7.09
180,851,2.5,女,20,"穿越,仙侠",7.09
181,521,2.5,男,20,"穿越,都市,游戏",11.26
181,1412,2.5,男,20,"穿越,都市,游戏",11.26
181,991,2.3,男,20,"穿越,都市,游戏",11.26
182,748,2.7,男,13,"校园,系统,都市",4.85
182,937,1.9,男,13,"校园,系统,都市",4.85
183,1268,2.4,男,22,"校园,重生,都市",7.16
183,970,1.5,男,22,"校园,重生,都市",7.16
183,1467,2.5,男,22,"校园,重生,都市",7.16
184,150,3.4,女,17,都市,3.17
185,186,3.0,男,22,"游戏,无限流",5.33
185,984,1.8,男,22,"游戏,无限流",5.33
185,1219,3.3,男,22,"游戏,无限流",5.33
185,1232,2.3,男,22,"游戏,无限流",5.33
185,816,2.5,男,22,"游戏,无限流",5.33
186,1356,2.0,男,49,修真,1.2
187,802,2.3,男,40,修真,1.72
187,820,2.0,男,40,修真,1.72
187,234,3.4,男,40,修真,1.72
188,997,1.9,女,14,"武侠,都市,修真",7.56
188,451,3.2,女,14,"武侠,都市,修真",7.56
188,693,3.1,女,14,"武侠,都市,修真",7.56
188,1389,3.1,女,14,"武侠,都市,修真",7.56
189,1376,1.9,男,25,历史,2.06
189,887,2.4,男,25,历史,2.06
189,647,3.3,男,25,历史,2.06
189,536,1.6,男,25,历史,2.06
189,806,3.2,男,25,历史,2.06
190,1087,3.0,男,12,"武侠,历史",7.64
190,680,1.9,男,12,"武侠,历史",7.64
191,1483,2.3,男,17,娱乐,4.09
191,2,3.7,男,17,娱乐,4.09
191,726,3.2,男,17,娱乐,4.09
191,1297,1.8,男,17,娱乐,4.09
191,612,3.6,男,17,娱乐,4.09
192,840,3.3,女,24,"历史,权谋,奇幻",5.19
192,152,3.1,女,24,"历史,权谋,奇幻",5.19
192,867,2.6,女,24,"历史,权谋,奇幻",5.19
193,80,2.7,男,21,"战争,科幻,游戏",7.34
193,629,2.7,男,21,"战争,科幻,游戏",7.34
193,862,3.0,男,21,"战争,科幻,游戏",7.34
193,1175,2.9,男,21,"战争,科幻,游戏",7.34
194,843,2.2,女,13,"奇幻,游戏,娱乐",12.23
194,151,4.0,女,13,"奇幻,游戏,娱乐",12.23
195,773,1.8,男,18,"都市,娱乐,历史",11.44
195,466,3.1,男,18,"都市,娱乐,历史",11.44
195,352,2.4,男,18,"都市,娱乐,历史",11.44
195,957,3.7,男,18,"都市,娱乐,历史",11.44
196,542,2.5,女,16,"言情,权谋,游戏",7.45
196,73,2.9,女,16,"言情,权谋,游戏",7.45
197,738,3.4,男,19,"游戏,修真",8.18
197,410,3.3,男,19,"游戏,修真",8.18
197,1446,2.5,男,19,"游戏,修真",8.18
197,1387,1.8,男,19,"游戏,修真",8.18
197,330,0.9,男,19,"游戏,修真",8.18
198,1249,3.0,男,62,重生,1.0
198,315,3.0,男,62,重生,1.0
198,542,2.5,男,62,重生,1.0
199,682,2.6,女,13,"冒险,穿越,权谋",11.53
200,1302,2.4,男,14,修仙,3.56
200,709,1.9,男,14,修仙,3.56
201,1064,3.3,女,40,重生,1.47
201,337,3.2,女,40,重生,1.47
201,359,1.3,女,40,重生,1.47
202,961,2.4,女,23,奇幻,2.53
202,125,3.0,女,23,奇幻,2.53
202,1235,3.3,女,23,奇幻,2.53
202,455,2.4,女,23,奇幻,2.53
203,265,3.3,女,34,"冒险,战争",4.31
204,182,3.6,男,26,"悬疑,权谋",6.2
204,786,2.4,男,26,"悬疑,权谋",6.2
205,607,2.9,男,63,异能,1.0
205,690,1.9,男,63,异能,1.0
205,227,2.3,男,63,异能,1.0
205,389,2.5,男,63,异能,1.0
206,468,2.6,男,20,"仙侠,搞笑,重生",4.26
206,1358,2.4,男,20,"仙侠,搞笑,重生",4.26
207,507,3.4,女,25,"江湖,历史",4.3
207,820,2.0,女,25,"江湖,历史",4.3
207,234,3.4,女,25,"江湖,历史",4.3
208,516,3.0,女,13,玄幻,3.08
208,1255,2.9,女,13,玄幻,3.08
209,1489,2.6,男,13,搞笑,2.98
210,456,2.5,男,17,娱乐,1.58
211,486,3.4,女,22,"游戏,科幻",8.22
211,1430,2.3,女,22,"游戏,科幻",8.22
211,1008,1.9,女,22,"游戏,科幻",8.22
211,653,3.5,女,22,"游戏,科幻",8.22
212,267,2.2,女,61,"历史,系统",1.51
212,993,2.2,女,61,"历史,系统",1.51
212,324,3.2,女,61,"历史,系统",1.51
213,486,3.4,男,23,"穿越,修真",5.62
213,444,2.8,男,23,"穿越,修真",5.62
213,831,2.6,男,23,"穿越,修真",5.62
214,786,2.4,男,16,"冒险,悬疑,灵异",10.0
214,1431,2.7,男,16,"冒险,悬疑,灵异",10.0
214,819,2.6,男,16,"冒险,悬疑,灵异",10.0
214,174,2.8,男,16,"冒险,悬疑,灵异",10.0
215,1051,2.9,女,12,"历史,奇幻,灵异",9.89
215,1075,2.3,女,12,"历史,奇幻,灵异",9.89
216,383,2.7,女,17,"仙侠,武侠",4.25
216,676,2.8,女,17,"仙侠,武侠",4.25
216,991,2.3,女,17,"仙侠,武侠",4.25
217,321,2.8,男,15,"搞笑,异世界,系统",10.58
217,1238,2.2,男,15,"搞笑,异世界,系统",10.58
217,1498,2.6,男,15,"搞笑,异世界,系统",10.58
217,770,1.5,男,15,"搞笑,异世界,系统",10.58
217,1317,2.2,男,15,"搞笑,异世界,系统",10.58
218,1247,3.3,女,24,"修仙,仙侠,娱乐",6.17
218,1289,2.3,女,24,"修仙,仙侠,娱乐",6.17
218,492,2.9,女,24,"修仙,仙侠,娱乐",6.17
218,669,3.3,女,24,"修仙,仙侠,娱乐",6.17
219,101,2.9,女,30,末世,2.67
219,887,2.4,女,30,末世,2.67
219,957,3.7,女,30,末世,2.67
219,1413,3.3,女,30,末世,2.67
220,312,2.4,女,21,异能,2.93
220,250,2.4,女,21,异能,2.93
220,388,1.9,女,21,异能,2.93
220,354,2.9,女,21,异能,2.93
220,857,2.4,女,21,异能,2.93
221,2,3.7,女,30,"修真,玄幻,权谋",8.7
222,171,3.6,女,22,异世界,2.11
223,1317,2.2,女,63,系统,1.0
224,256,2.9,男,30,仙侠,1.89
224,355,3.3,男,30,仙侠,1.89
224,965,2.6,男,30,仙侠,1.89
224,986,3.4,男,30,仙侠,1.89
225,363,2.7,男,17,权谋,3.45
226,320,2.2,男,21,"科幻,悬疑,冒险",10.82
226,634,2.7,男,21,"科幻,悬疑,冒险",10.82
227,1172,2.9,女,12,"科幻,校园,系统",6.65
227,540,2.8,女,12,"科幻,校园,系统",6.65
227,1433,3.0,女,12,"科幻,校园,系统",6.65
227,1411,2.2,女,12,"科幻,校园,系统",6.65
228,705,1.1,女,18,悬疑,5.07
229,811,2.2,女,22,"冒险,仙侠,娱乐",10.46
229,1431,2.7,女,22,"冒险,仙侠,娱乐",10.46
229,113,2.7,女,22,"冒险,仙侠,娱乐",10.46
229,10,3.5,女,22,"冒险,仙侠,娱乐",10.46
229,345,2.8,女,22,"冒险,仙侠,娱乐",10.46
230,1367,2.4,女,22,"穿越,修仙",7.14
230,1042,2.2,女,22,"穿越,修仙",7.14
231,164,2.6,男,19,"重生,穿越,权谋",8.13
232,866,2.6,男,21,"异能,冒险,修真",14.61
232,167,3.0,男,21,"异能,冒险,修真",14.61
232,115,2.4,男,21,"异能,冒险,修真",14.61
232,275,2.4,男,21,"异能,冒险,修真",14.61
232,122,3.6,男,21,"异能,冒险,修真",14.61
233,521,2.5,女,19,无限流,4.61
234,432,3.6,男,24,"冒险,都市",6.49
234,897,3.6,男,24,"冒险,都市",6.49
234,449,2.2,男,24,"冒险,都市",6.49
234,515,2.0,男,24,"冒险,都市",6.49
235,1439,3.0,男,14,"历史,异能",5.62
235,1443,2.7,男,14,"历史,异能",5.62
235,1082,2.0,男,14,"历史,异能",5.62
235,812,2.5,男,14,"历史,异能",5.62
236,120,3.1,男,25,言情,2.21
236,446,3.0,男,25,言情,2.21
237,78,2.6,男,16,异世界,2.18
237,1117,3.2,男,16,异世界,2.18
238,1115,2.9,女,18,冒险,3.71
238,588,3.2,女,18,冒险,3.71
239,89,2.2,男,24,"都市,玄幻",6.84
239,1360,3.8,男,24,"都市,玄幻",6.84
239,290,3.2,男,24,"都市,玄幻",6.84
239,653,3.5,男,24,"都市,玄幻",6.84
240,1276,1.7,男,12,重生,2.69
241,1320,2.5,男,12,江湖,2.32
242,552,1.6,男,36,"悬疑,异能",5.0
242,938,2.8,男,36,"悬疑,异能",5.0
242,494,3.4,男,36,"悬疑,异能",5.0
242,898,1.4,男,36,"悬疑,异能",5.0
243,781,1.9,男,33,"冒险,武侠,校园",7.03
244,1222,2.4,女,31,搞笑,2.54
244,275,2.4,女,31,搞笑,2.54
244,681,2.3,女,31,搞笑,2.54
244,179,2.6,女,31,搞笑,2.54
245,287,3.7,男,22,"系统,修仙",5.65
245,957,3.7,男,22,"系统,修仙",5.65
245,707,3.5,男,22,"系统,修仙",5.65
245,722,3.1,男,22,"系统,修仙",5.65
245,648,2.4,男,22,"系统,修仙",5.65
246,430,3.2,男,30,言情,2.52
246,967,2.5,男,30,言情,2.52
246,85,3.4,男,30,言情,2.52
246,1295,2.8,男,30,言情,2.52
247,1162,3.6,男,20,"系统,玄幻,科幻",10.84
247,556,1.4,男,20,"系统,玄幻,科幻",10.84
247,875,2.6,男,20,"系统,玄幻,科幻",10.84
247,702,2.3,男,20,"系统,玄幻,科幻",10.84
247,380,2.4,男,20,"系统,玄幻,科幻",10.84
248,1202,2.5,女,13,"历史,修仙",9.0
249,1334,2.4,男,28,"悬疑,系统",6.9
249,785,3.4,男,28,"悬疑,系统",6.9
249,767,2.4,男,28,"悬疑,系统",6.9
249,368,1.5,男,28,"悬疑,系统",6.9
249,1116,2.2,男,28,"悬疑,系统",6.9
250,700,3.2,女,30,"都市,异世界",5.86
250,1055,2.3,女,30,"都市,异世界",5.86
250,1262,2.6,女,30,"都市,异世界",5.86
251,1370,2.9,女,22,灵异,3.26
251,1315,3.2,女,22,灵异,3.26
251,698,2.4,女,22,灵异,3.26
251,888,2.6,女,22,灵异,3.26
251,1435,3.5,女,22,灵异,3.26
252,368,1.5,男,22,"游戏,系统",6.58
252,348,2.9,男,22,"游戏,系统",6.58
252,1399,1.7,男,22,"游戏,系统",6.58
253,804,2.5,女,19,"悬疑,言情,都市",9.75
253,362,2.5,女,19,"悬疑,言情,都市",9.75
253,249,2.3,女,19,"悬疑,言情,都市",9.75
253,413,3.0,女,19,"悬疑,言情,都市",9.75
254,728,2.4,女,24,仙侠,4.02
255,680,1.9,男,24,"灵异,末世",7.34
255,957,3.7,男,24,"灵异,末世",7.34
255,54,3.7,男,24,"灵异,末世",7.34
255,1409,2.5,男,24,"灵异,末世",7.34
256,766,3.0,女,22,都市,3.29
257,206,3.5,女,28,灵异,2.56
257,446,3.0,女,28,灵异,2.56
257,715,1.1,女,28,灵异,2.56
257,942,2.5,女,28,灵异,2.56
257,511,2.4,女,28,灵异,2.56
258,581,2.3,女,16,"穿越,权谋",6.07
258,380,2.4,女,16,"穿越,权谋",6.07
258,1136,1.7,女,16,"穿越,权谋",6.07
259,967,2.5,女,23,"奇幻,权谋,科幻",10.94
259,456,2.5,女,23,"奇幻,权谋,科幻",10.94
259,419,2.6,女,23,"奇幻,权谋,科幻",10.94
259,733,2.8,女,23,"奇幻,权谋,科幻",10.94
259,159,3.6,女,23,"奇幻,权谋,科幻",10.94
260,123,3.2,女,30,"灵异,江湖",5.06
260,538,3.5,女,30,"灵异,江湖",5.06
260,979,2.6,女,30,"灵异,江湖",5.06
261,996,3.3,男,13,"系统,言情",5.06
262,528,2.4,女,22,娱乐,3.61
262,825,1.9,女,22,娱乐,3.61
262,1089,1.9,女,22,娱乐,3.61
262,392,1.8,女,22,娱乐,3.61
262,1339,2.4,女,22,娱乐,3.61
263,309,1.8,男,13,校园,2.83
263,461,2.5,男,13,校园,2.83
263,811,2.2,男,13,校园,2.83
263,1404,2.9,男,13,校园,2.83
264,147,2.9,男,13,"悬疑,奇幻,武侠",9.45
264,701,2.5,男,13,"悬疑,奇幻,武侠",9.45
265,450,3.1,女,16,末世,2.85
265,1409,2.5,女,16,末世,2.85
265,290,3.2,女,16,末世,2.85
266,1126,2.9,男,57,"末世,武侠",1.93
266,517,2.2,男,57,"末世,武侠",1.93
266,278,3.1,男,57,"末世,武侠",1.93
266,438,2.4,男,57,"末世,武侠",1.93
266,378,2.4,男,57,"末世,武侠",1.93
267,1348,2.0,男,17,"言情,玄幻",9.18
267,1396,2.3,男,17,"言情,玄幻",9.18
267,137,2.3,男,17,"言情,玄幻",9.18
268,1446,2.5,男,24,"武侠,校园,重生",7.56
268,1158,2.6,男,24,"武侠,校园,重生",7.56
268,1405,3.2,男,24,"武侠,校园,重生",7.56
269,1472,2.8,男,14,"末世,言情,权谋",8.22
269,759,1.9,男,14,"末世,言情,权谋",8.22
269,1476,1.5,男,14,"末世,言情,权谋",8.22
269,233,2.9,男,14,"末世,言情,权谋",8.22
270,1339,2.4,女,57,"校园,末世,奇幻",3.64
270,1317,2.2,女,57,"校园,末世,奇幻",3.64
270,1142,1.8,女,57,"校园,末世,奇幻",3.64
271,596,3.6,女,18,冒险,2.65
271,648,2.4,女,18,冒险,2.65
272,931,2.4,女,17,"武侠,末世,修仙",11.2
272,311,4.2,女,17,"武侠,末世,修仙",11.2
272,893,2.5,女,17,"武侠,末世,修仙",11.2
272,974,2.3,女,17,"武侠,末世,修仙",11.2
272,1353,2.5,女,17,"武侠,末世,修仙",11.2
273,1243,2.2,女,52,科幻,1.17
273,155,2.7,女,52,科幻,1.17
273,121,3.0,女,52,科幻,1.17
273,1139,2.0,女,52,科幻,1.17
273,406,3.6,女,52,科幻,1.17
274,265,3.3,男,20,战争,3.61
274,1384,2.8,男,20,战争,3.61
275,1302,2.4,男,23,"都市,无限流",5.18
275,145,3.6,男,23,"都市,无限流",5.18
275,877,3.6,男,23,"都市,无限流",5.18
276,112,2.9,女,23,"奇幻,穿越",5.23
276,1157,2.0,女,23,"奇幻,穿越",5.23
276,1138,2.2,女,23,"奇幻,穿越",5.23
276,186,3.0,女,23,"奇幻,穿越",5.23
277,730,2.9,男,19,"异世界,搞笑",6.33
277,1456,3.4,男,19,"异世界,搞笑",6.33
277,690,1.9,男,19,"异世界,搞笑",6.33
278,935,3.4,男,24,灵异,2.25
278,1079,2.6,男,24,灵异,2.25
278,863,2.1,男,24,灵异,2.25
279,35,2.2,男,60,"仙侠,异世界",1.84
280,590,3.5,女,20,"末世,奇幻,玄幻",12.51
280,390,3.2,女,20,"末世,奇幻,玄幻",12.51
280,908,3.4,女,20,"末世,奇幻,玄幻",12.51
281,268,2.8,男,13,"权谋,穿越,战争",12.61
282,580,2.3,女,46,"重生,冒险,历史",4.35
282,1262,2.6,女,46,"重生,冒险,历史",4.35
282,506,0.6,女,46,"重生,冒险,历史",4.35
282,834,2.5,女,46,"重生,冒险,历史",4.35
283,204,3.4,男,31,江湖,2.5
283,1226,2.7,男,31,江湖,2.5
283,604,3.0,男,31,江湖,2.5
283,351,3.1,男,31,江湖,2.5
283,1179,1.9,男,31,江湖,2.5
284,14,3.2,女,20,"冒险,灵异",5.68
285,564,2.4,女,17,异能,3.13
285,663,3.0,女,17,异能,3.13
285,1213,2.9,女,17,异能,3.13
285,756,2.8,女,17,异能,3.13
285,188,2.9,女,17,异能,3.13
286,291,2.9,女,12,修真,2.97
287,375,3.0,女,15,"战争,权谋",5.03
287,902,2.2,女,15,"战争,权谋",5.03
287,1363,1.0,女,15,"战争,权谋",5.03
288,897,3.6,男,13,"异世界,系统,重生",8.55
289,383,2.7,女,12,"玄幻,科幻,冒险",11.89
289,1034,3.0,女,12,"玄幻,科幻,冒险",11.89
289,345,2.8,女,12,"玄幻,科幻,冒险",11.89
289,98,2.9,女,12,"玄幻,科幻,冒险",11.89
289,275,2.4,女,12,"玄幻,科幻,冒险",11.89
290,787,3.9,男,23,"武侠,游戏",7.71
290,35,2.2,男,23,"武侠,游戏",7.71
290,102,3.9,男,23,"武侠,游戏",7.71
290,591,2.7,男,23,"武侠,游戏",7.71
291,1456,3.4,男,40,"冒险,都市,科幻",8.32
291,257,2.1,男,40,"冒险,都市,科幻",8.32
291,840,3.3,男,40,"冒险,都市,科幻",8.32
292,759,1.9,男,17,"娱乐,言情",6.27
292,705,1.1,男,17,"娱乐,言情",6.27
292,1205,1.5,男,17,"娱乐,言情",6.27
292,236,3.8,男,17,"娱乐,言情",6.27
292,1458,2.5,男,17,"娱乐,言情",6.27
293,1115,2.9,女,23,"灵异,校园",8.07
293,194,2.6,女,23,"灵异,校园",8.07
294,1071,2.7,男,20,末世,2.91
294,712,3.4,男,20,末世,2.91
294,518,2.3,男,20,末世,2.91
294,1466,3.6,男,20,末世,2.91
295,361,2.2,男,25,重生,3.2
295,1279,2.2,男,25,重生,3.2
295,188,2.9,男,25,重生,3.2
295,1094,2.1,男,25,重生,3.2
295,316,2.7,男,25,重生,3.2
296,513,2.9,男,13,"言情,娱乐",5.34
296,1125,2.4,男,13,"言情,娱乐",5.34
296,554,2.8,男,13,"言情,娱乐",5.34
296,1275,2.9,男,13,"言情,娱乐",5.34
297,69,3.3,男,19,修真,2.72
298,427,3.4,女,17,"科幻,战争,游戏",9.78
298,950,3.6,女,17,"科幻,战争,游戏",9.78
299,734,2.7,女,26,"穿越,冒险",5.56
299,89,2.2,女,26,"穿越,冒险",5.56
299,1090,1.6,女,26,"穿越,冒险",5.56
299,372,2.2,女,26,"穿越,冒险",5.56
299,635,1.7,女,26,"穿越,冒险",5.56
300,268,2.8,男,23,"都市,修仙",6.64
300,779,2.4,男,23,"都市,修仙",6.64
300,1047,3.1,男,23,"都市,修仙",6.64
300,659,2.2,男,23,"都市,修仙",6.64
300,691,2.8,男,23,"都市,修仙",6.64
301,306,1.4,男,12,"言情,玄幻,修真",6.1
301,945,3.0,男,12,"言情,玄幻,修真",6.1
301,209,2.5,男,12,"言情,玄幻,修真",6.1
301,1139,2.0,男,12,"言情,玄幻,修真",6.1
302,1114,3.2,男,13,"末世,系统,权谋",12.68
302,1321,2.9,男,13,"末世,系统,权谋",12.68
302,836,3.1,男,13,"末世,系统,权谋",12.68
302,1124,2.3,男,13,"末世,系统,权谋",12.68
303,535,2.1,男,21,"校园,权谋,穿越",10.94
303,937,1.9,男,21,"校园,权谋,穿越",10.94
303,516,3.0,男,21,"校园,权谋,穿越",10.94
303,1295,2.8,男,21,"校园,权谋,穿越",10.94
303,33,2.9,男,21,"校园,权谋,穿越",10.94
304,1194,2.2,女,19,灵异,3.39
305,1342,2.5,男,19,"言情,历史",5.82
305,1213,2.9,男,19,"言情,历史",5.82
305,1284,2.2,男,19,"言情,历史",5.82
306,1256,2.7,男,16,"权谋,重生",5.55
306,420,2.6,男,16,"权谋,重生",5.55
306,1033,2.2,男,16,"权谋,重生",5.55
306,1080,2.4,男,16,"权谋,重生",5.55
307,1273,2.5,女,23,娱乐,3.48
307,31,3.5,女,23,娱乐,3.48
308,899,2.0,女,17,重生,1.41
308,1390,2.2,女,17,重生,1.41
309,32,2.5,女,42,"权谋,科幻,校园",4.05
309,356,2.5,女,42,"权谋,科幻,校园",4.05
310,647,3.3,男,24,"仙侠,修真,权谋",10.93
310,558,1.3,男,24,"仙侠,修真,权谋",10.93
310,797,2.0,男,24,"仙侠,修真,权谋",10.93
310,833,3.3,男,24,"仙侠,修真,权谋",10.93
310,241,2.4,男,24,"仙侠,修真,权谋",10.93
311,188,2.9,女,14,"言情,重生",6.26
311,335,3.2,女,14,"言情,重生",6.26
311,501,3.0,女,14,"言情,重生",6.26
311,50,2.4,女,14,"言情,重生",6.26
311,945,3.0,女,14,"言情,重生",6.26
312,382,2.3,女,26,战争,2.1
312,854,2.7,女,26,战争,2.1
312,443,1.3,女,26,战争,2.1
312,753,3.0,女,26,战争,2.1
312,86,2.9,女,26,战争,2.1
313,175,2.8,女,12,修仙,2.75
313,1212,2.0,女,12,修仙,2.75
313,1164,1.8,女,12,修仙,2.75
313,1232,2.3,女,12,修仙,2.75
314,375,3.0,女,30,仙侠,2.4
314,634,2.7,女,30,仙侠,2.4
315,416,2.0,男,33,"系统,悬疑,穿越",6.73
315,187,2.9,男,33,"系统,悬疑,穿越",6.73
315,799,2.6,男,33,"系统,悬疑,穿越",6.73
316,396,2.0,女,13,言情,3.25
317,1016,1.7,男,41,"权谋,战争,校园",4.95
317,824,3.2,男,41,"权谋,战争,校园",4.95
317,1019,2.8,男,41,"权谋,战争,校园",4.95
317,1018,2.6,男,41,"权谋,战争,校园",4.95
317,450,3.1,男,41,"权谋,战争,校园",4.95
318,1127,2.9,女,14,"武侠,娱乐",5.5
318,1189,1.9,女,14,"武侠,娱乐",5.5
318,622,3.0,女,14,"武侠,娱乐",5.5
318,49,2.9,女,14,"武侠,娱乐",5.5
319,885,2.0,男,13,"游戏,仙侠,战争",10.72
320,1108,1.8,女,13,"系统,异世界,玄幻",9.68
320,223,2.6,女,13,"系统,异世界,玄幻",9.68
320,317,2.2,女,13,"系统,异世界,玄幻",9.68
320,1250,2.5,女,13,"系统,异世界,玄幻",9.68
321,1306,3.1,男,25,仙侠,2.47
321,1124,2.3,男,25,仙侠,2.47
321,621,1.9,男,25,仙侠,2.47
321,1254,3.6,男,25,仙侠,2.47
321,258,2.4,男,25,仙侠,2.47
322,1238,2.2,女,38,"仙侠,穿越",4.57
322,400,3.0,女,38,"仙侠,穿越",4.57
322,1359,2.6,女,38,"仙侠,穿越",4.57
322,644,3.2,女,38,"仙侠,穿越",4.57
323,1002,3.3,男,13,言情,3.0
323,322,2.0,男,13,言情,3.0
324,706,2.3,男,33,末世,3.35
324,94,2.7,男,33,末世,3.35
324,1173,1.6,男,33,末世,3.35
325,1141,2.4,女,54,游戏,1.2
325,1110,2.2,女,54,游戏,1.2
326,1144,2.3,男,20,"娱乐,异能",6.6
327,1081,2.8,女,17,"重生,搞笑,权谋",9.69
327,217,3.3,女,17,"重生,搞笑,权谋",9.69
327,850,2.5,女,17,"重生,搞笑,权谋",9.69
328,125,3.0,男,38,"穿越,修真,无限流",6.64
328,1433,3.0,男,38,"穿越,修真,无限流",6.64
329,320,2.2,男,38,"末世,校园",5.14
329,1144,2.3,男,38,"末世,校园",5.14
329,240,3.3,男,38,"末世,校园",5.14
330,350,2.8,男,34,"武侠,权谋,历史",5.27
330,678,2.8,男,34,"武侠,权谋,历史",5.27
331,1496,3.8,女,33,"仙侠,修真",4.61
331,148,2.5,女,33,"仙侠,修真",4.61
331,955,2.6,女,33,"仙侠,修真",4.61
331,618,3.1,女,33,"仙侠,修真",4.61
332,72,3.2,女,18,"权谋,异能,娱乐",10.03
332,1208,2.9,女,18,"权谋,异能,娱乐",10.03
333,1428,2.4,男,20,重生,2.8
334,1307,2.6,女,14,"历史,异世界",4.53
334,1486,3.1,女,14,"历史,异世界",4.53
334,916,2.9,女,14,"历史,异世界",4.53
334,1369,1.9,女,14,"历史,异世界",4.53
335,238,3.4,男,34,"江湖,奇幻,权谋",7.85
335,894,2.6,男,34,"江湖,奇幻,权谋",7.85
335,1439,3.0,男,34,"江湖,奇幻,权谋",7.85
335,12,3.6,男,34,"江湖,奇幻,权谋",7.85
336,66,2.3,男,65,仙侠,1.0
336,1362,1.9,男,65,仙侠,1.0
336,1217,2.0,男,65,仙侠,1.0
336,816,2.5,男,65,仙侠,1.0
336,135,2.8,男,65,仙侠,1.0
337,410,3.3,女,23,"奇幻,末世,穿越",10.91
337,28,3.3,女,23,"奇幻,末世,穿越",10.91
338,881,3.2,男,36,悬疑,1.24
338,1373,1.8,男,36,悬疑,1.24
338,873,1.8,男,36,悬疑,1.24
338,1287,2.4,男,36,悬疑,1.24
339,1429,2.6,男,16,"玄幻,都市,奇幻",9.82
340,279,2.2,女,62,"无限流,娱乐,江湖",1.68
340,726,3.2,女,62,"无限流,娱乐,江湖",1.68
340,275,2.4,女,62,"无限流,娱乐,江湖",1.68
341,320,2.2,女,16,"历史,搞笑",7.66
341,1277,2.3,女,16,"历史,搞笑",7.66
341,508,2.6,女,16,"历史,搞笑",7.66
342,603,2.9,男,15,"言情,异能",5.51
343,1485,2.0,男,15,"游戏,穿越",6.12
343,1377,2.4,男,15,"游戏,穿越",6.12
343,1023,2.4,男,15,"游戏,穿越",6.12
344,484,1.9,男,24,"修仙,战争,无限流",8.59
344,999,2.6,男,24,"修仙,战争,无限流",8.59
344,336,2.6,男,24,"修仙,战争,无限流",8.59
345,671,2.0,男,21,战争,4.02
345,774,3.3,男,21,战争,4.02
345,733,2.8,男,21,战争,4.02
345,775,1.5,男,21,战争,4.02
345,1245,1.2,男,21,战争,4.02
346,1074,2.5,男,21,"奇幻,悬疑,异能",9.29
346,535,2.1,男,21,"奇幻,悬疑,异能",9.29
346,375,3.0,男,21,"奇幻,悬疑,异能",9.29
347,1087,3.0,男,17,修仙,3.08
347,99,1.9,男,17,修仙,3.08
347,121,3.0,男,17,修仙,3.08
348,1043,2.4,女,21,玄幻,3.4
348,199,3.6,女,21,玄幻,3.4
349,1393,1.5,男,56,江湖,1.08
349,110,3.3,男,56,江湖,1.08
349,1300,3.1,男,56,江湖,1.08
349,1184,2.2,男,56,江湖,1.08
350,1150,2.4,女,37,"江湖,科幻,言情",5.52
350,1226,2.7,女,37,"江湖,科幻,言情",5.52
350,91,3.4,女,37,"江湖,科幻,言情",5.52
350,749,2.8,女,37,"江湖,科幻,言情",5.52
350,1227,1.9,女,37,"江湖,科幻,言情",5.52
351,286,2.9,男,15,"奇幻,武侠",9.09
351,1271,2.2,男,15,"奇幻,武侠",9.09
351,1311,2.7,男,15,"奇幻,武侠",9.09
351,1382,3.2,男,15,"奇幻,武侠",9.09
351,504,3.4,男,15,"奇幻,武侠",9.09
352,1459,2.3,女,27,末世,2.08
352,1011,2.6,女,27,末世,2.08
353,1229,3.4,女,16,"修仙,修真,搞笑",8.27
353,844,2.2,女,16,"修仙,修真,搞笑",8.27
353,1116,2.2,女,16,"修仙,修真,搞笑",8.27
353,184,2.3,女,16,"修仙,修真,搞笑",8.27
354,1359,2.6,男,24,都市,2.58
355,26,3.0,女,14,"系统,奇幻,科幻",7.76
355,474,3.2,女,14,"系统,奇幻,科幻",7.76
355,1088,2.0,女,14,"系统,奇幻,科幻",7.76
355,272,3.0,女,14,"系统,奇幻,科幻",7.76
355,867,2.6,女,14,"系统,奇幻,科幻",7.76
356,721,2.8,女,26,"搞笑,悬疑,末世",11.27
356,466,3.1,女,26,"搞笑,悬疑,末世",11.27
356,252,2.8,女,26,"搞笑,悬疑,末世",11.27
356,929,2.8,女,26,"搞笑,悬疑,末世",11.27
357,760,2.6,男,14,"搞笑,权谋",7.0
357,892,3.0,男,14,"搞笑,权谋",7.0
358,1377,2.4,男,16,修真,3.03
358,1397,1.8,男,16,修真,3.03
358,1435,3.5,男,16,修真,3.03
358,821,2.4,男,16,修真,3.03
358,496,3.7,男,16,修真,3.03
359,1310,2.8,男,12,"系统,娱乐,重生",10.93
359,586,2.4,男,12,"系统,娱乐,重生",10.93
359,1481,3.1,男,12,"系统,娱乐,重生",10.93
359,489,2.4,男,12,"系统,娱乐,重生",10.93
360,1245,1.2,女,37,江湖,1.47
360,474,3.2,女,37,江湖,1.47
360,1463,2.8,女,37,江湖,1.47
361,688,2.7,女,19,"搞笑,娱乐",8.75
361,702,2.3,女,19,"搞笑,娱乐",8.75
362,282,1.0,女,17,"异世界,校园",7.68
362,1113,2.4,女,17,"异世界,校园",7.68
362,1392,2.7,女,17,"异世界,校园",7.68
363,925,2.4,女,17,修真,3.26
363,176,3.0,女,17,修真,3.26
363,473,3.4,女,17,修真,3.26
363,1339,2.4,女,17,修真,3.26
363,879,2.7,女,17,修真,3.26
364,212,3.4,女,21,言情,3.22
364,1466,3.6,女,21,言情,3.22
364,1112,2.4,女,21,言情,3.22
365,1184,2.2,女,20,"异世界,系统,搞笑",7.86
365,1305,3.3,女,20,"异世界,系统,搞笑",7.86
365,418,2.1,女,20,"异世界,系统,搞笑",7.86
365,1287,2.4,女,20,"异世界,系统,搞笑",7.86
365,892,3.0,女,20,"异世界,系统,搞笑",7.86
366,944,2.3,女,26,"武侠,校园,无限流",8.63
366,478,1.3,女,26,"武侠,校园,无限流",8.63
367,774,3.3,男,23,"搞笑,冒险,江湖",9.19
367,677,1.3,男,23,"搞笑,冒险,江湖",9.19
367,1239,1.6,男,23,"搞笑,冒险,江湖",9.19
367,495,2.4,男,23,"搞笑,冒险,江湖",9.19
368,973,1.3,男,17,"奇幻,异世界",7.56
368,80,2.7,男,17,"奇幻,异世界",7.56
368,873,1.8,男,17,"奇幻,异世界",7.56
369,777,2.9,女,26,异能,3.12
369,321,2.8,女,26,异能,3.12
369,1113,2.4,女,26,异能,3.12
369,289,3.6,女,26,异能,3.12
369,989,3.0,女,26,异能,3.12
370,770,1.5,男,12,"冒险,江湖,修真",9.9
371,437,3.4,女,16,"无限流,异能",6.53
371,1377,2.4,女,16,"无限流,异能",6.53
371,1258,3.8,女,16,"无限流,异能",6.53
371,950,3.6,女,16,"无限流,异能",6.53
372,1273,2.5,女,18,"奇幻,冒险",7.61
372,732,2.4,女,18,"奇幻,冒险",7.61
373,1388,0.9,男,14,"搞笑,历史",6.47
373,1280,2.5,男,14,"搞笑,历史",6.47
373,1225,2.3,男,14,"搞笑,历史",6.47
373,580,2.3,男,14,"搞笑,历史",6.47
374,1236,2.8,男,12,"修仙,仙侠",5.91
374,209,2.5,男,12,"修仙,仙侠",5.91
374,853,2.4,男,12,"修仙,仙侠",5.91
374,1223,2.4,男,12,"修仙,仙侠",5.91
374,702,2.3,男,12,"修仙,仙侠",5.91
375,546,2.3,男,25,"奇幻,冒险",6.1
376,567,1.9,男,20,"重生,系统,历史",10.24
376,953,3.4,男,20,"重生,系统,历史",10.24
377,615,3.7,女,13,"悬疑,奇幻,战争",9.11
377,297,4.2,女,13,"悬疑,奇幻,战争",9.11
377,1023,2.4,女,13,"悬疑,奇幻,战争",9.11
377,1168,2.7,女,13,"悬疑,奇幻,战争",9.11
378,143,2.6,男,34,修仙,2.32
378,506,0.6,男,34,修仙,2.32
378,1460,1.5,男,34,修仙,2.32
379,1393,1.5,男,54,悬疑,1.37
379,1211,1.6,男,54,悬疑,1.37
379,1430,2.3,男,54,悬疑,1.37
380,735,1.5,女,20,"修仙,穿越",7.13
380,59,3.4,女,20,"修仙,穿越",7.13
380,1315,3.2,女,20,"修仙,穿越",7.13
381,395,2.5,女,19,历史,3.31
381,1227,1.9,女,19,历史,3.31
381,1427,2.9,女,19,历史,3.31
381,972,2.4,女,19,历史,3.31
382,975,1.6,男,24,"言情,重生,系统",9.81
383,77,2.3,男,23,"搞笑,言情,都市",6.87
383,570,1.0,男,23,"搞笑,言情,都市",6.87
383,800,2.0,男,23,"搞笑,言情,都市",6.87
383,600,2.5,男,23,"搞笑,言情,都市",6.87
384,69,3.3,男,14,"穿越,异世界,言情",10.35
384,33,2.9,男,14,"穿越,异世界,言情",10.35
384,37,3.3,男,14,"穿越,异世界,言情",10.35
385,269,1.8,女,35,战争,2.33
385,1414,1.9,女,35,战争,2.33
385,1052,2.5,女,35,战争,2.33
386,1144,2.3,男,14,江湖,2.87
386,1153,2.0,男,14,江湖,2.87
386,1243,2.2,男,14,江湖,2.87
387,1453,2.8,女,14,"游戏,修仙,玄幻",8.53
387,175,2.8,女,14,"游戏,修仙,玄幻",8.53
387,342,2.7,女,14,"游戏,修仙,玄幻",8.53
387,945,3.0,女,14,"游戏,修仙,玄幻",8.53
387,947,2.4,女,14,"游戏,修仙,玄幻",8.53
388,1018,2.6,男,57,江湖,1.0
388,1086,2.2,男,57,江湖,1.0
388,1479,1.0,男,57,江湖,1.0
389,1451,2.1,男,15,"游戏,战争",4.98
390,420,2.6,男,24,"无限流,玄幻,灵异",8.5
391,523,1.2,女,25,"仙侠,江湖,战争",10.2
391,735,1.5,女,25,"仙侠,江湖,战争",10.2
391,582,2.0,女,25,"仙侠,江湖,战争",10.2
391,141,3.1,女,25,"仙侠,江湖,战争",10.2
392,1181,2.3,女,22,异世界,3.55
392,760,2.6,女,22,异世界,3.55
392,1136,1.7,女,22,异世界,3.55
393,898,1.4,女,21,"言情,系统,校园",9.64
394,311,4.2,女,13,校园,2.34
395,906,2.0,男,38,系统,2.13
395,260,2.4,男,38,系统,2.13
396,53,3.0,女,32,末世,1.98
396,1436,2.2,女,32,末世,1.98
396,150,3.4,女,32,末世,1.98
397,581,2.3,女,15,"娱乐,奇幻",3.39
398,679,1.9,女,16,"无限流,奇幻",5.84
399,712,3.4,男,57,冒险,1.0
399,984,1.8,男,57,冒险,1.0
399,7,3.4,男,57,冒险,1.0
399,1442,2.6,男,57,冒险,1.0
400,974,2.3,男,19,言情,3.02
401,269,1.8,男,19,"无限流,玄幻,战争",6.85
402,681,2.3,男,24,"重生,权谋,末世",8.38
402,745,1.6,男,24,"重生,权谋,末世",8.38
402,1460,1.5,男,24,"重生,权谋,末世",8.38
402,796,1.8,男,24,"重生,权谋,末世",8.38
402,1331,2.3,男,24,"重生,权谋,末世",8.38
403,9,3.8,女,63,战争,1.0
403,776,2.3,女,63,战争,1.0
403,1264,3.2,女,63,战争,1.0
404,338,2.3,男,12,校园,3.68
404,609,2.4,男,12,校园,3.68
404,997,1.9,男,12,校园,3.68
405,122,3.6,男,25,"武侠,异世界,搞笑",7.62
405,1129,2.9,男,25,"武侠,异世界,搞笑",7.62
405,1371,2.3,男,25,"武侠,异世界,搞笑",7.62
405,1269,1.6,男,25,"武侠,异世界,搞笑",7.62
405,1060,3.4,男,25,"武侠,异世界,搞笑",7.62
406,639,2.7,女,17,"悬疑,娱乐",8.1
406,540,2.8,女,17,"悬疑,娱乐",8.1
407,279,2.2,女,23,系统,3.62
407,1279,2.2,女,23,系统,3.62
408,831,2.6,男,13,"玄幻,战争,游戏",7.69
408,1259,2.3,男,13,"玄幻,战争,游戏",7.69
409,1377,2.4,女,25,游戏,3.16
409,954,2.4,女,25,游戏,3.16
409,280,1.3,女,25,游戏,3.16
410,86,2.9,女,61,"权谋,玄幻,历史",2.7
410,202,1.4,女,61,"权谋,玄幻,历史",2.7
410,199,3.6,女,61,"权谋,玄幻,历史",2.7
410,412,2.9,女,61,"权谋,玄幻,历史",2.7
410,288,3.0,女,61,"权谋,玄幻,历史",2.7
411,1098,3.1,男,16,"异能,言情,悬疑",14.17
411,240,3.3,男,16,"异能,言情,悬疑",14.17
411,1482,2.4,男,16,"异能,言情,悬疑",14.17
411,764,2.4,男,16,"异能,言情,悬疑",14.17
411,1190,1.5,男,16,"异能,言情,悬疑",14.17
412,1485,2.0,女,12,"搞笑,武侠",6.41
412,892,3.0,女,12,"搞笑,武侠",6.41
412,661,1.8,女,12,"搞笑,武侠",6.41
413,1226,2.7,女,22,"都市,冒险",8.7
413,1125,2.4,女,22,"都市,冒险",8.7
413,1183,1.9,女,22,"都市,冒险",8.7
413,545,1.5,女,22,"都市,冒险",8.7
413,406,3.6,女,22,"都市,冒险",8.7
414,1287,2.4,男,16,"战争,重生,穿越",7.5
414,1031,3.6,男,16,"战争,重生,穿越",7.5
415,605,2.0,男,14,"搞笑,重生",6.54
415,833,3.3,男,14,"搞笑,重生",6.54
415,928,2.3,男,14,"搞笑,重生",6.54
415,1148,2.5,男,14,"搞笑,重生",6.54
415,75,2.4,男,14,"搞笑,重生",6.54
416,1014,2.8,男,58,重生,1.0
416,711,1.8,男,58,重生,1.0
417,932,2.6,男,19,"江湖,战争",7.7
417,1378,3.4,男,19,"江湖,战争",7.7
418,47,3.3,男,17,"冒险,江湖",7.5
419,874,2.6,男,53,"异世界,言情",2.41
419,1298,2.5,男,53,"异世界,言情",2.41
419,433,2.8,男,53,"异世界,言情",2.41
419,562,2.6,男,53,"异世界,言情",2.41
420,305,2.0,女,55,"冒险,异世界,历史",2.61
420,618,3.1,女,55,"冒险,异世界,历史",2.61
420,1404,2.9,女,55,"冒险,异世界,历史",2.61
420,783,2.3,女,55,"冒险,异世界,历史",2.61
420,1328,2.9,女,55,"冒险,异世界,历史",2.61
421,407,2.4,女,17,"无限流,玄幻,校园",11.39
421,1065,1.9,女,17,"无限流,玄幻,校园",11.39
422,1439,3.0,男,18,系统,3.9
422,709,1.9,男,18,系统,3.9
422,1384,2.8,男,18,系统,3.9
422,1057,2.1,男,18,系统,3.9
422,1281,2.2,男,18,系统,3.9
423,896,2.9,女,20,都市,3.12
423,26,3.0,女,20,都市,3.12
423,814,2.6,女,20,都市,3.12
423,1245,1.2,女,20,都市,3.12
424,613,2.8,女,16,"灵异,奇幻,异能",7.27
424,1155,2.9,女,16,"灵异,奇幻,异能",7.27
424,40,2.2,女,16,"灵异,奇幻,异能",7.27
424,262,2.7,女,16,"灵异,奇幻,异能",7.27
424,1216,3.0,女,16,"灵异,奇幻,异能",7.27
425,427,3.4,男,21,"历史,江湖",6.62
425,731,3.0,男,21,"历史,江湖",6.62
425,1295,2.8,男,21,"历史,江湖",6.62
425,743,2.3,男,21,"历史,江湖",6.62
425,508,2.6,男,21,"历史,江湖",6.62
426,1386,3.3,男,22,"异能,都市",4.44
427,972,2.4,女,29,"江湖,玄幻",5.53
428,264,2.9,男,20,"奇幻,穿越",6.72
429,102,3.9,男,14,"异世界,玄幻,娱乐",10.58
429,1279,2.2,男,14,"异世界,玄幻,娱乐",10.58
430,1209,2.0,男,24,"悬疑,奇幻",5.47
430,965,2.6,男,24,"悬疑,奇幻",5.47
431,779,2.4,男,16,"悬疑,无限流",8.57
431,223,2.6,男,16,"悬疑,无限流",8.57
431,1324,2.0,男,16,"悬疑,无限流",8.57
431,350,2.8,男,16,"悬疑,无限流",8.57
431,1467,2.5,男,16,"悬疑,无限流",8.57
432,458,2.9,女,15,权谋,2.67
433,1116,2.2,女,18,科幻,2.96
434,7,3.4,男,15,"游戏,穿越",6.52
434,973,1.3,男,15,"游戏,穿越",6.52
434,1299,2.2,男,15,"游戏,穿越",6.52
434,184,2.3,男,15,"游戏,穿越",6.52
435,201,3.1,女,14,"搞笑,修仙,冒险",7.41
436,483,3.4,男,35,"江湖,灵异",4.88
436,1196,2.8,男,35,"江湖,灵异",4.88
436,522,1.3,男,35,"江湖,灵异",4.88
436,203,3.0,男,35,"江湖,灵异",4.88
436,927,2.2,男,35,"江湖,灵异",4.88
437,1454,1.8,女,28,武侠,2.47
437,1099,3.0,女,28,武侠,2.47
437,145,3.6,女,28,武侠,2.47
437,832,2.8,女,28,武侠,2.47
438,1152,2.6,女,15,娱乐,2.59
438,617,2.5,女,15,娱乐,2.59
439,1363,1.0,男,36,娱乐,2.28
439,11,3.5,男,36,娱乐,2.28
439,849,2.5,男,36,娱乐,2.28
440,1287,2.4,女,22,"校园,修仙,科幻",10.31
441,461,2.5,女,36,"江湖,异世界,武侠",9.09
441,378,2.4,女,36,"江湖,异世界,武侠",9.09
442,1095,1.6,女,13,"仙侠,科幻,游戏",11.85
443,1342,2.5,女,25,"玄幻,仙侠",5.95
444,997,1.9,女,50,"游戏,权谋,战争",2.56
444,937,1.9,女,50,"游戏,权谋,战争",2.56
445,1054,1.9,女,38,战争,1.0
445,710,2.8,女,38,战争,1.0
445,1216,3.0,女,38,战争,1.0
445,1460,1.5,女,38,战争,1.0
445,84,3.4,女,38,战争,1.0
446,260,2.4,男,35,"修仙,穿越",3.8
446,1306,3.1,男,35,"修仙,穿越",3.8
447,1414,1.9,男,12,历史,2.68
448,297,4.2,女,65,游戏,1.0
448,443,1.3,女,65,游戏,1.0
448,319,2.8,女,65,游戏,1.0
449,1018,2.6,女,25,"修仙,异世界",4.77
449,1232,2.3,女,25,"修仙,异世界",4.77
449,2,3.7,女,25,"修仙,异世界",4.77
450,1107,2.1,男,17,"异能,奇幻,科幻",8.19
450,1489,2.6,男,17,"异能,奇幻,科幻",8.19
450,662,2.2,男,17,"异能,奇幻,科幻",8.19
450,1384,2.8,男,17,"异能,奇幻,科幻",8.19
451,82,2.9,女,37,修仙,1.91
452,1306,3.1,女,65,江湖,1.0
452,85,3.4,女,65,江湖,1.0
452,1286,2.4,女,65,江湖,1.0
452,875,2.6,女,65,江湖,1.0
452,1193,2.1,女,65,江湖,1.0
453,440,2.8,男,18,"仙侠,权谋",7.0
454,1041,2.1,男,50,"娱乐,末世",2.69
454,358,2.6,男,50,"娱乐,末世",2.69
454,926,2.0,男,50,"娱乐,末世",2.69
454,1232,2.3,男,50,"娱乐,末世",2.69
454,947,2.4,男,50,"娱乐,末世",2.69
455,1042,2.2,女,20,科幻,2.5
455,1215,3.2,女,20,科幻,2.5
455,785,3.4,女,20,科幻,2.5
455,981,2.2,女,20,科幻,2.5
455,1369,1.9,女,20,科幻,2.5
456,793,2.3,男,20,末世,3.57
456,1066,1.9,男,20,末世,3.57
456,220,2.9,男,20,末世,3.57
456,352,2.4,男,20,末世,3.57
456,1160,3.3,男,20,末世,3.57
457,273,2.4,男,20,游戏,2.93
458,1159,2.0,女,32,末世,2.19
458,1066,1.9,女,32,末世,2.19
459,1357,2.0,男,13,"都市,灵异",7.77
459,857,2.4,男,13,"都市,灵异",7.77
460,208,3.2,男,25,"系统,言情",6.03
460,503,2.5,男,25,"系统,言情",6.03
460,631,2.0,男,25,"系统,言情",6.03
461,279,2.2,男,16,"权谋,灵异",4.97
461,193,3.1,男,16,"权谋,灵异",4.97
461,410,3.3,男,16,"权谋,灵异",4.97
461,1244,1.9,男,16,"权谋,灵异",4.97
462,1019,2.8,女,28,历史,3.06
462,29,2.5,女,28,历史,3.06
462,896,2.9,女,28,历史,3.06
462,1016,1.7,女,28,历史,3.06
462,528,2.4,女,28,历史,3.06
463,1346,2.9,男,19,"修真,异能",6.3
464,904,3.3,女,32,重生,3.13
464,1287,2.4,女,32,重生,3.13
465,492,2.9,女,25,"玄幻,言情",4.66
465,908,3.4,女,25,"玄幻,言情",4.66
465,1270,3.6,女,25,"玄幻,言情",4.66
466,1149,3.6,女,48,"异世界,无限流",3.16
466,550,3.4,女,48,"异世界,无限流",3.16
466,1262,2.6,女,48,"异世界,无限流",3.16
466,397,2.8,女,48,"异世界,无限流",3.16
467,909,3.0,男,13,科幻,2.86
467,1313,1.9,男,13,科幻,2.86
467,1468,1.8,男,13,科幻,2.86
468,324,3.2,女,14,"言情,灵异",5.3
468,1186,2.5,女,14,"言情,灵异",5.3
468,462,2.4,女,14,"言情,灵异",5.3
468,509,2.6,女,14,"言情,灵异",5.3
469,1376,1.9,女,22,"异能,异世界",6.01
470,618,3.1,女,19,搞笑,2.7
471,246,2.9,男,18,修仙,3.84
472,1065,1.9,男,15,"悬疑,言情",6.05
472,908,3.4,男,15,"悬疑,言情",6.05
473,1127,2.9,男,14,武侠,2.92
473,453,3.4,男,14,武侠,2.92
473,189,3.4,男,14,武侠,2.92
473,1491,2.4,男,14,武侠,2.92
474,659,2.2,男,12,"校园,修真,异能",9.73
474,476,2.5,男,12,"校园,修真,异能",9.73
474,194,2.6,男,12,"校园,修真,异能",9.73
475,568,2.5,女,37,"冒险,娱乐,末世",7.7
475,168,2.4,女,37,"冒险,娱乐,末世",7.7
475,1387,1.8,女,37,"冒险,娱乐,末世",7.7
475,1070,3.2,女,37,"冒险,娱乐,末世",7.7
475,1117,3.2,女,37,"冒险,娱乐,末世",7.7
476,184,2.3,男,34,"系统,江湖,无限流",6.1
476,993,2.2,男,34,"系统,江湖,无限流",6.1
476,1473,3.0,男,34,"系统,江湖,无限流",6.1
476,997,1.9,男,34,"系统,江湖,无限流",6.1
476,837,1.8,男,34,"系统,江湖,无限流",6.1
477,492,2.9,男,53,"搞笑,言情,异世界",3.65
477,1498,2.6,男,53,"搞笑,言情,异世界",3.65
477,1121,2.9,男,53,"搞笑,言情,异世界",3.65
478,99,1.9,女,63,"校园,游戏,冒险",1.32
479,874,2.6,男,15,重生,2.83
479,1149,3.6,男,15,重生,2.83
479,182,3.6,男,15,重生,2.83
479,1336,3.0,男,15,重生,2.83
480,796,1.8,女,49,"奇幻,异世界",3.08
481,492,2.9,男,37,历史,2.7
482,823,2.4,女,13,"冒险,搞笑",5.9
482,320,2.2,女,13,"冒险,搞笑",5.9
482,657,2.0,女,13,"冒险,搞笑",5.9
483,929,2.8,男,21,奇幻,2.77
484,1195,2.9,男,27,"江湖,搞笑",7.35
484,846,2.6,男,27,"江湖,搞笑",7.35
484,53,3.0,男,27,"江湖,搞笑",7.35
484,562,2.6,男,27,"江湖,搞笑",7.35
484,558,1.3,男,27,"江湖,搞笑",7.35
485,946,3.0,男,17,游戏,3.2
485,845,2.6,男,17,游戏,3.2
485,913,3.0,男,17,游戏,3.2
485,334,2.6,男,17,游戏,3.2
486,870,2.5,男,15,娱乐,3.92
486,1175,2.9,男,15,娱乐,3.92
486,846,2.6,男,15,娱乐,3.92
487,616,3.0,男,19,"权谋,战争,重生",10.37
487,538,3.5,男,19,"权谋,战争,重生",10.37
487,132,3.0,男,19,"权谋,战争,重生",10.37
488,82,2.9,女,32,"玄幻,无限流,重生",6.98
489,851,2.5,女,40,"武侠,无限流",3.44
489,674,4.2,女,40,"武侠,无限流",3.44
489,1011,2.6,女,40,"武侠,无限流",3.44
490,1118,2.2,男,15,"穿越,灵异",6.05
490,1353,2.5,男,15,"穿越,灵异",6.05
490,1078,2.4,男,15,"穿越,灵异",6.05
491,1373,1.8,男,20,"末世,冒险,重生",11.28
491,1189,1.9,男,20,"末世,冒险,重生",11.28
492,782,2.3,女,13,"冒险,娱乐",6.46
493,194,2.6,女,33,"修仙,冒险",5.02
493,997,1.9,女,33,"修仙,冒险",5.02
494,558,1.3,女,20,"系统,玄幻",6.33
494,499,3.5,女,20,"系统,玄幻",6.33
494,1099,3.0,女,20,"系统,玄幻",6.33
495,462,2.4,男,20,"修真,穿越,历史",11.25
495,926,2.0,男,20,"修真,穿越,历史",11.25
495,537,1.8,男,20,"修真,穿越,历史",11.25
495,1409,2.5,男,20,"修真,穿越,历史",11.25
496,1248,3.6,男,20,"奇幻,校园,言情",10.58
497,71,3.1,男,14,"无限流,系统,江湖",6.52
497,996,3.3,男,14,"无限流,系统,江湖",6.52
497,1050,2.5,男,14,"无限流,系统,江湖",6.52
497,897,3.6,男,14,"无限流,系统,江湖",6.52
497,699,3.0,男,14,"无限流,系统,江湖",6.52
498,485,2.8,女,12,"奇幻,修仙",5.6
498,378,2.4,女,12,"奇幻,修仙",5.6
499,8,3.0,女,15,无限流,3.61
499,1054,1.9,女,15,无限流,3.61
499,860,2.6,女,15,无限流,3.61
499,530,3.6,女,15,无限流,3.61
500,1363,1.0,男,23,"异能,修仙",4.97
500,153,2.2,男,23,"异能,修仙",4.97
500,110,3.3,男,23,"异能,修仙",4.97
500,764,2.4,男,23,"异能,修仙",4.97
500,1215,3.2,男,23,"异能,修仙",4.97
